FREEGS     08/03/2025        # 0  0ms              3 129 129
 6.900000000E+00 1.100000000E+01 1.000000000E+00 1.000000000E-01 0.000000000E+00
 4.692632153E+00-8.367001958E-08 0.000000000E+00 8.833305382E+00-5.266800000E+01
-1.200000000E+07 0.000000000E+00 0.000000000E+00 4.692632153E+00 0.000000000E+00
-8.367001958E-08 0.000000000E+00 8.833305382E+00 0.000000000E+00 0.000000000E+00
 5.337724445E+01 5.336700358E+01 5.335676321E+01 5.334652580E+01 5.333629380E+01
 5.332606969E+01 5.331585592E+01 5.330565495E+01 5.329546924E+01 5.328530122E+01
 5.327515335E+01 5.326502807E+01 5.325492780E+01 5.324485497E+01 5.323481199E+01
 5.322480126E+01 5.321482519E+01 5.320488615E+01 5.319498651E+01 5.318512862E+01
 5.317531483E+01 5.316554747E+01 5.315582884E+01 5.314616124E+01 5.313654694E+01
 5.312698820E+01 5.311748725E+01 5.310804631E+01 5.309866757E+01 5.308935320E+01
 5.308010534E+01 5.307092613E+01 5.306181766E+01 5.305278199E+01 5.304382116E+01
 5.303493720E+01 5.302613209E+01 5.301740778E+01 5.300876619E+01 5.300020922E+01
 5.299173871E+01 5.298335651E+01 5.297506439E+01 5.296686411E+01 5.295875738E+01
 5.295074588E+01 5.294283126E+01 5.293501510E+01 5.292729896E+01 5.291968438E+01
 5.291217280E+01 5.290476568E+01 5.289746439E+01 5.289027027E+01 5.288318462E+01
 5.287620868E+01 5.286934366E+01 5.286259069E+01 5.285595088E+01 5.284942527E+01
 5.284301486E+01 5.283672059E+01 5.283054335E+01 5.282448397E+01 5.281854322E+01
 5.281272183E+01 5.280702045E+01 5.280143970E+01 5.279598010E+01 5.279064215E+01
 5.278542626E+01 5.278033280E+01 5.277536205E+01 5.277051424E+01 5.276578955E+01
 5.276118806E+01 5.275670981E+01 5.275235477E+01 5.274812281E+01 5.274401378E+01
 5.274002741E+01 5.273616339E+01 5.273242134E+01 5.272880077E+01 5.272530115E+01
 5.272192187E+01 5.271866223E+01 5.271552146E+01 5.271249872E+01 5.270959307E+01
 5.270680351E+01 5.270412895E+01 5.270156821E+01 5.269912005E+01 5.269678313E+01
 5.269455603E+01 5.269243723E+01 5.269042515E+01 5.268851811E+01 5.268671434E+01
 5.268501197E+01 5.268340907E+01 5.268190359E+01 5.268049340E+01 5.267917628E+01
 5.267794992E+01 5.267681191E+01 5.267575974E+01 5.267479081E+01 5.267390242E+01
 5.267309178E+01 5.267235599E+01 5.267169207E+01 5.267109691E+01 5.267056732E+01
 5.267010000E+01 5.266969156E+01 5.266933849E+01 5.266903719E+01 5.266878393E+01
 5.266857491E+01 5.266840619E+01 5.266827373E+01 5.266817340E+01 5.266810094E+01
 5.266805199E+01 5.266802206E+01 5.266800658E+01 5.266800083E+01
 3.204403200E+06 3.157829438E+06 3.111266870E+06 3.064726687E+06 3.018220071E+06
 2.971758193E+06 2.925352205E+06 2.879013243E+06 2.832752415E+06 2.786580803E+06
 2.740509456E+06 2.694549387E+06 2.648711568E+06 2.603006927E+06 2.557446344E+06
 2.512040645E+06 2.466800602E+06 2.421736924E+06 2.376860257E+06 2.332181177E+06
 2.287710189E+06 2.243457720E+06 2.199434117E+06 2.155649641E+06 2.112114466E+06
 2.068838672E+06 2.025832243E+06 1.983105060E+06 1.940666903E+06 1.898527438E+06
 1.856696222E+06 1.815182693E+06 1.773996169E+06 1.733145842E+06 1.692640774E+06
 1.652489896E+06 1.612702001E+06 1.573285739E+06 1.534249617E+06 1.495601991E+06
 1.457351065E+06 1.419504885E+06 1.382071335E+06 1.345058133E+06 1.308472830E+06
 1.272322801E+06 1.236615245E+06 1.201357177E+06 1.166555428E+06 1.132216641E+06
 1.098347262E+06 1.064953540E+06 1.032041525E+06 9.996170563E+05 9.676857675E+05
 9.362530763E+05 9.053241828E+05 8.749040650E+05 8.449974750E+05 8.156089348E+05
 7.867427321E+05 7.584029166E+05 7.305932959E+05 7.033174312E+05 6.765786335E+05
 6.503799594E+05 6.247242073E+05 5.996139132E+05 5.750513466E+05 5.510385067E+05
 5.275771179E+05 5.046686265E+05 4.823141960E+05 4.605147034E+05 4.392707348E+05
 4.185825820E+05 3.984502379E+05 3.788733928E+05 3.598514299E+05 3.413834220E+05
 3.234681267E+05 3.061039830E+05 2.892891067E+05 2.730212869E+05 2.572979815E+05
 2.421163135E+05 2.274730667E+05 2.133646819E+05 1.997872527E+05 1.867365216E+05
 1.742078758E+05 1.621963432E+05 1.506965886E+05 1.397029093E+05 1.292092313E+05
 1.192091051E+05 1.096957020E+05 1.006618096E+05 9.209982804E+04 8.400176602E+04
 7.635923655E+04 6.916345306E+04 6.240522531E+04 5.607495539E+04 5.016263363E+04
 4.465783462E+04 3.954971314E+04 3.482700013E+04 3.047799866E+04 2.649057987E+04
 2.285217899E+04 1.954979122E+04 1.656996777E+04 1.389881179E+04 1.152197431E+04
 9.424650264E+03 7.591574391E+03 6.007017240E+03 4.654781115E+03 3.518196044E+03
 2.580115742E+03 1.822913571E+03 1.228478508E+03 7.782111062E+02 4.530194591E+02
 2.333151633E+02 9.900928231E+01 2.950831009E+01 3.710134343E+00
-7.985575301E+00-7.984615583E+00-7.981736774E+00-7.976939913E+00-7.970226730E+00
-7.961599648E+00-7.951061780E+00-7.938616933E+00-7.924269606E+00-7.908024989E+00
-7.889888965E+00-7.869868108E+00-7.847969687E+00-7.824201659E+00-7.798572675E+00
-7.771092080E+00-7.741769907E+00-7.710616885E+00-7.677644432E+00-7.642864660E+00
-7.606290374E+00-7.567935067E+00-7.527812929E+00-7.485938838E+00-7.442328367E+00
-7.396997780E+00-7.349964032E+00-7.301244773E+00-7.250858341E+00-7.198823770E+00
-7.145160783E+00-7.089889798E+00-7.033031923E+00-6.974608958E+00-6.914643396E+00
-6.853158422E+00-6.790177913E+00-6.725726438E+00-6.659829257E+00-6.592512325E+00
-6.523802286E+00-6.453726477E+00-6.382312929E+00-6.309590361E+00-6.235588189E+00
-6.160336517E+00-6.083866144E+00-6.006208558E+00-5.927395943E+00-5.847461172E+00
-5.766437810E+00-5.684360117E+00-5.601263042E+00-5.517182228E+00-5.432154009E+00
-5.346215412E+00-5.259404155E+00-5.171758648E+00-5.083317996E+00-4.994121991E+00
-4.904211122E+00-4.813626567E+00-4.722410197E+00-4.630604576E+00-4.538252958E+00
-4.445399291E+00-4.352088215E+00-4.258365060E+00-4.164275851E+00-4.069867303E+00
-3.975186823E+00-3.880282513E+00-3.785203162E+00-3.689998257E+00-3.594717971E+00
-3.499413175E+00-3.404135427E+00-3.308936981E+00-3.213870781E+00-3.118990462E+00
-3.024350354E+00-2.930005478E+00-2.836011545E+00-2.742424962E+00-2.649302825E+00
-2.556702922E+00-2.464683735E+00-2.373304437E+00-2.282624893E+00-2.192705661E+00
-2.103607991E+00-2.015393822E+00-1.928125790E+00-1.841867219E+00-1.756682128E+00
-1.672635226E+00-1.589791915E+00-1.508218290E+00-1.427981135E+00-1.349147930E+00
-1.271786845E+00-1.195966742E+00-1.121757175E+00-1.049228391E+00-9.784513290E-01
-9.094976187E-01-8.424395833E-01-7.773502376E-01-7.143032886E-01-6.533731351E-01
-5.946348683E-01-5.381642714E-01-4.840378196E-01-4.323326803E-01-3.831267128E-01
-3.364984686E-01-2.925271914E-01-2.512928167E-01-2.128759725E-01-1.773579783E-01
-1.448208463E-01-1.153472804E-01-8.902067665E-02-6.592512325E-02-4.614540044E-02
-2.976698057E-02-1.687602804E-02-7.559399368E-03-1.904643131E-03
-6.804499975E+05-6.803682200E+05-6.801229171E+05-6.797141771E+05-6.791421475E+05
-6.784070348E+05-6.775091042E+05-6.764486801E+05-6.752261459E+05-6.738419439E+05
-6.722965753E+05-6.705906003E+05-6.687246382E+05-6.666993671E+05-6.645155242E+05
-6.621739057E+05-6.596753666E+05-6.570208210E+05-6.542112419E+05-6.512476614E+05
-6.481311704E+05-6.448629189E+05-6.414441159E+05-6.378760292E+05-6.341599857E+05
-6.302973714E+05-6.262896309E+05-6.221382681E+05-6.178448458E+05-6.134109857E+05
-6.088383685E+05-6.041287339E+05-5.992838805E+05-5.943056661E+05-5.891960071E+05
-5.839568792E+05-5.785903169E+05-5.730984138E+05-5.674833222E+05-5.617472538E+05
-5.558924789E+05-5.499213269E+05-5.438361862E+05-5.376395042E+05-5.313337872E+05
-5.249216005E+05-5.184055683E+05-5.117883740E+05-5.050727597E+05-4.982615265E+05
-4.913575348E+05-4.843637035E+05-4.772830109E+05-4.701184939E+05-4.628732487E+05
-4.555504302E+05-4.481532525E+05-4.406849885E+05-4.331489701E+05-4.255485884E+05
-4.178872930E+05-4.101685930E+05-4.023960561E+05-3.945733092E+05-3.867040379E+05
-3.787919871E+05-3.708409605E+05-3.628548208E+05-3.548374896E+05-3.467929475E+05
-3.387252342E+05-3.306384483E+05-3.225367473E+05-3.144243477E+05-3.063055250E+05
-2.981846137E+05-2.900660073E+05-2.819541581E+05-2.738535775E+05-2.657688360E+05
-2.577045627E+05-2.496654461E+05-2.416562334E+05-2.336817309E+05-2.257468038E+05
-2.178563762E+05-2.100154313E+05-2.022290114E+05-1.945022174E+05-1.868402095E+05
-1.792482067E+05-1.717314870E+05-1.642953875E+05-1.569453042E+05-1.496866919E+05
-1.425250646E+05-1.354659951E+05-1.285151154E+05-1.216781163E+05-1.149607475E+05
-1.083688179E+05-1.019081952E+05-9.558480615E+04-8.940463642E+04-8.337373067E+04
-7.749819256E+04-7.178418471E+04-6.623792868E+04-6.086570505E+04-5.567385334E+04
-5.066877206E+04-4.585691868E+04-4.124480964E+04-3.683902038E+04-3.264618527E+04
-2.867299769E+04-2.492620997E+04-2.141263342E+04-1.813913832E+04-1.511265393E+04
-1.234016847E+04-9.828729140E+03-7.585442116E+03-5.617472538E+03-3.932044522E+03
-2.536441157E+03-1.438004503E+03-6.441355929E+02-1.622944327E+02
 1.179414862E+01 1.177886818E+01 1.175721480E+01 1.172930951E+01 1.169530911E+01
 1.165540580E+01 1.160982682E+01 1.155883370E+01 1.150272148E+01 1.144181750E+01
 1.137647993E+01 1.130709586E+01 1.123407896E+01 1.115786669E+01 1.107891687E+01
 1.099770386E+01 1.091471407E+01 1.083044098E+01 1.074537974E+01 1.066002136E+01
 1.057484656E+01 1.049031955E+01 1.040688186E+01 1.032494633E+01 1.024489163E+01
 1.016705742E+01 1.009174056E+01 1.001919246E+01 9.949617985E+00 9.883176013E+00
 9.819981675E+00 9.760110260E+00 9.703602385E+00 9.650469912E+00 9.600701920E+00
 9.554270054E+00 9.511132726E+00 9.471237944E+00 9.434524842E+00 9.400924259E+00
 9.370358795E+00 9.342742759E+00 9.317982318E+00 9.295975974E+00 9.276615415E+00
 9.259786641E+00 9.245371297E+00 9.233248064E+00 9.223294045E+00 9.215386056E+00
 9.209401775E+00 9.205220746E+00 9.202725209E+00 9.201800766E+00 9.202336909E+00
 9.204227410E+00 9.207370594E+00 9.211669521E+00 9.217032084E+00 9.223371046E+00
 9.230604023E+00 9.238653427E+00 9.247446387E+00 9.256914640E+00 9.266994416E+00
 9.277626313E+00 9.288755167E+00 9.300329930E+00 9.312303547E+00 9.324632839E+00
 9.337278400E+00 9.350204503E+00 9.363379008E+00 9.376773296E+00 9.390362202E+00
 9.404123965E+00 9.418040190E+00 9.432095813E+00 9.446279082E+00 9.460581539E+00
 9.474998014E+00 9.489526620E+00 9.504168741E+00 9.518929037E+00 9.533815427E+00
 9.548839078E+00 9.564014377E+00 9.579358895E+00 9.594893335E+00 9.610641454E+00
 9.626629976E+00 9.642888465E+00 9.659449180E+00 9.676346895E+00 9.693618686E+00
 9.711303686E+00 9.729442802E+00 9.748078398E+00 9.767253939E+00 9.787013604E+00
 9.807401870E+00 9.828463061E+00 9.850240876E+00 9.872777903E+00 9.896115111E+00
 9.920291344E+00 9.945342815E+00 9.971302607E+00 9.998200198E+00 1.002606101E+01
 1.005490600E+01 1.008475128E+01 1.011560779E+01 1.014748107E+01 1.018037104E+01
 1.021427185E+01 1.024917185E+01 1.028505361E+01 1.032189395E+01 1.035966413E+01
 1.039833009E+01 1.043785265E+01 1.047818793E+01 1.051928767E+01 1.056109970E+01
 1.060356836E+01 1.064663501E+01 1.069023849E+01 1.073431568E+01 1.179306661E+01
 1.177631059E+01 1.175256614E+01 1.172196606E+01 1.168468268E+01 1.164092778E+01
 1.159095236E+01 1.153504621E+01 1.147353731E+01 1.140679090E+01 1.133520810E+01
 1.125922417E+01 1.117930615E+01 1.109594985E+01 1.100967625E+01 1.092102710E+01
 1.083055977E+01 1.073884139E+01 1.064644231E+01 1.055392890E+01 1.046185594E+01
 1.037075868E+01 1.028114482E+01 1.019348666E+01 1.010821368E+01 1.002570593E+01
 9.946288626E+00 9.870228263E+00 9.797730900E+00 9.728942856E+00 9.663954232E+00
 9.602805205E+00 9.545494669E+00 9.491990221E+00 9.442238114E+00 9.396171682E+00
 9.353717169E+00 9.314796555E+00 9.279327835E+00 9.247223673E+00 9.218389558E+00
 9.192722295E+00 9.170109341E+00 9.150429074E+00 9.133551871E+00 9.119341725E+00
 9.107658134E+00 9.098358053E+00 9.091297726E+00 9.086334321E+00 9.083327318E+00
 9.082139633E+00 9.082638504E+00 9.084696143E+00 9.088190201E+00 9.093004076E+00
 9.099027077E+00 9.106154490E+00 9.114287558E+00 9.123333403E+00 9.133204891E+00
 9.143820478E+00 9.155104027E+00 9.166984611E+00 9.179396324E+00 9.192278076E+00
 9.205573410E+00 9.219230318E+00 9.233201073E+00 9.247442075E+00 9.261913716E+00
 9.276580252E+00 9.291409703E+00 9.306373762E+00 9.321447725E+00 9.336610438E+00
 9.351844251E+00 9.367134999E+00 9.382471986E+00 9.397847981E+00 9.413259229E+00
 9.428705461E+00 9.444189912E+00 9.459719340E+00 9.475304040E+00 9.490957857E+00
 9.506698183E+00 9.522545949E+00 9.538525588E+00 9.554664993E+00 9.570995429E+00
 9.587551434E+00 9.604370676E+00 9.621493771E+00 9.638964070E+00 9.656827397E+00
 9.675131740E+00 9.693926901E+00 9.713264102E+00 9.733195541E+00 9.753773911E+00
 9.775051876E+00 9.797081520E+00 9.819913766E+00 9.843597774E+00 9.868180332E+00
 9.893705244E+00 9.920212728E+00 9.947738834E+00 9.976314898E+00 1.000596703E+01
 1.003671566E+01 1.006857515E+01 1.010155349E+01 1.013565200E+01 1.017086524E+01
 1.020718092E+01 1.024457987E+01 1.028303624E+01 1.032251758E+01 1.036298523E+01
 1.040439457E+01 1.044669550E+01 1.048983290E+01 1.053374714E+01 1.057837466E+01
 1.062364856E+01 1.066949918E+01 1.071585475E+01 1.179186921E+01 1.177347972E+01
 1.174741919E+01 1.171383228E+01 1.167290711E+01 1.162487547E+01 1.157001297E+01
 1.150863900E+01 1.144111652E+01 1.136785149E+01 1.128929190E+01 1.120592623E+01
 1.111828129E+01 1.102691918E+01 1.093243351E+01 1.083544448E+01 1.073659308E+01
 1.063653415E+01 1.053592850E+01 1.043543405E+01 1.033569633E+01 1.023733826E+01
 1.014094981E+01 1.004707752E+01 9.956214483E+00 9.868791023E+00 9.785166699E+00
 9.705624159E+00 9.630365700E+00 9.559513459E+00 9.493114170E+00 9.431149062E+00
 9.373548559E+00 9.320210094E+00 9.271015981E+00 9.225847774E+00 9.184594419E+00
 9.147153590E+00 9.113427778E+00 9.083317958E+00 9.056717544E+00 9.033508309E+00
 9.013558814E+00 8.996725002E+00 8.982852273E+00 8.971778332E+00 8.963336233E+00
 8.957357255E+00 8.953673419E+00 8.952119551E+00 8.952534906E+00 8.954764371E+00
 8.958659321E+00 8.964078176E+00 8.970886721E+00 8.978958245E+00 8.988173534E+00
 8.998420755E+00 9.009595275E+00 9.021599416E+00 9.034342184E+00 9.047738979E+00
 9.061711291E+00 9.076186405E+00 9.091097113E+00 9.106381436E+00 9.121982364E+00
 9.137847620E+00 9.153929438E+00 9.170184372E+00 9.186573122E+00 9.203060388E+00
 9.219614747E+00 9.236208548E+00 9.252817843E+00 9.269422323E+00 9.286005287E+00
 9.302553627E+00 9.319057827E+00 9.335511980E+00 9.351913818E+00 9.368264752E+00
 9.384569918E+00 9.400838227E+00 9.417082413E+00 9.433319083E+00 9.449568749E+00
 9.465855849E+00 9.482208759E+00 9.498659762E+00 9.515245004E+00 9.532004411E+00
 9.548981558E+00 9.566223504E+00 9.583780572E+00 9.601706079E+00 9.620056005E+00
 9.638888610E+00 9.658263990E+00 9.678243575E+00 9.698889575E+00 9.720264369E+00
 9.742429856E+00 9.765446760E+00 9.789373914E+00 9.814267525E+00 9.840180424E+00
 9.867161341E+00 9.895254185E+00 9.924497373E+00 9.954923200E+00 9.986557282E+00
 1.001941807E+01 1.005351645E+01 1.008885547E+01 1.012543010E+01 1.016322721E+01
 1.020222554E+01 1.024239590E+01 1.028370134E+01 1.032609760E+01 1.036953346E+01
 1.041395132E+01 1.045928775E+01 1.050547420E+01 1.055243766E+01 1.060010138E+01
 1.064838562E+01 1.069720843E+01 1.179054656E+01 1.177035188E+01 1.174173015E+01
 1.170483744E+01 1.165987725E+01 1.160710115E+01 1.154680941E+01 1.147935157E+01
 1.140512682E+01 1.132458405E+01 1.123822149E+01 1.114658573E+01 1.105026989E+01
 1.094991091E+01 1.084618560E+01 1.073980551E+01 1.063151031E+01 1.052205974E+01
 1.041222414E+01 1.030277357E+01 1.019446584E+01 1.008803354E+01 9.984170524E+00
 9.883518119E+00 9.786651506E+00 9.694066635E+00 9.606168190E+00 9.523259315E+00
 9.445534213E+00 9.373075415E+00 9.305858193E+00 9.243764735E+00 9.186609347E+00
 9.134172433E+00 9.086236255E+00 9.042612545E+00 9.003154072E+00 8.967749113E+00
 8.936304842E+00 8.908728451E+00 8.884912732E+00 8.864728663E+00 8.848024310E+00
 8.834627889E+00 8.824352839E+00 8.817003350E+00 8.812379452E+00 8.810281268E+00
 8.810512338E+00 8.812882075E+00 8.817207476E+00 8.823314250E+00 8.831037462E+00
 8.840221843E+00 8.850721825E+00 8.862401403E+00 8.875133855E+00 8.888801385E+00
 8.903294707E+00 8.918512606E+00 8.934361483E+00 8.950754907E+00 8.967613180E+00
 8.984862920E+00 9.002436671E+00 9.020272541E+00 9.038313867E+00 9.056508922E+00
 9.074810638E+00 9.093176379E+00 9.111567734E+00 9.129950346E+00 9.148293774E+00
 9.166571387E+00 9.184760278E+00 9.202841216E+00 9.220798620E+00 9.238620561E+00
 9.256298778E+00 9.273828727E+00 9.291209635E+00 9.308444579E+00 9.325540568E+00
 9.342508637E+00 9.359363937E+00 9.376125835E+00 9.392817988E+00 9.409468424E+00
 9.426109582E+00 9.442778344E+00 9.459516019E+00 9.476368297E+00 9.493385154E+00
 9.510620693E+00 9.528132944E+00 9.545983582E+00 9.564237580E+00 9.582962795E+00
 9.602229475E+00 9.622109684E+00 9.642676669E+00 9.664004147E+00 9.686165535E+00
 9.709233123E+00 9.733277212E+00 9.758365220E+00 9.784560771E+00 9.811922797E+00
 9.840504656E+00 9.870353297E+00 9.901508476E+00 9.934002066E+00 9.967857449E+00
 1.000308902E+01 1.003970183E+01 1.007769134E+01 1.011704333E+01 1.015773394E+01
 1.019972984E+01 1.024298859E+01 1.028745905E+01 1.033308195E+01 1.037979057E+01
 1.042751146E+01 1.047616529E+01 1.052566767E+01 1.057593011E+01 1.062686088E+01
 1.067836594E+01 1.178908928E+01 1.176690453E+01 1.173545706E+01 1.169491322E+01
 1.164549063E+01 1.158745933E+01 1.152114319E+01 1.144692121E+01 1.136522878E+01
 1.127655875E+01 1.118146200E+01 1.108054732E+01 1.097448047E+01 1.086398197E+01
 1.074982355E+01 1.063282275E+01 1.051383582E+01 1.039374836E+01 1.027346404E+01
 1.015389124E+01 1.003592801E+01 9.920445470E+00 9.808270395E+00 9.700167152E+00
 9.596819616E+00 9.498813256E+00 9.406617621E+00 9.320569428E+00 9.240857026E+00
 9.167508501E+00 9.100388519E+00 9.039212395E+00 8.983586756E+00 8.933078898E+00
 8.887299552E+00 8.845966881E+00 8.808922815E+00 8.776100160E+00 8.747466370E+00
 8.722974089E+00 8.702533526E+00 8.686005743E+00 8.673208904E+00 8.663929810E+00
 8.657935917E+00 8.654985617E+00 8.654836154E+00 8.657249309E+00 8.661995251E+00
 8.668854969E+00 8.677621681E+00 8.688101500E+00 8.700113582E+00 8.713489937E+00
 8.728074997E+00 8.743725059E+00 8.760307628E+00 8.777700732E+00 8.795792227E+00
 8.814479111E+00 8.833666862E+00 8.853268816E+00 8.873205583E+00 8.893404500E+00
 8.913799141E+00 8.934328865E+00 8.954938413E+00 8.975577545E+00 8.996200731E+00
 9.016766874E+00 9.037239082E+00 9.057584479E+00 9.077774053E+00 9.097782543E+00
 9.117588362E+00 9.137173558E+00 9.156523799E+00 9.175628397E+00 9.194480358E+00
 9.213076457E+00 9.231417339E+00 9.249507632E+00 9.267356089E+00 9.284975724E+00
 9.302383974E+00 9.319602843E+00 9.336659052E+00 9.353584173E+00 9.370414740E+00
 9.387192337E+00 9.403963642E+00 9.420780432E+00 9.437699526E+00 9.454782672E+00
 9.472096355E+00 9.489711526E+00 9.507703251E+00 9.526150256E+00 9.545134387E+00
 9.564739967E+00 9.585053061E+00 9.606160644E+00 9.628149691E+00 9.651106192E+00
 9.675114098E+00 9.700254240E+00 9.726603206E+00 9.754232231E+00 9.783206101E+00
 9.813582108E+00 9.845409073E+00 9.878726471E+00 9.913563671E+00 9.949939319E+00
 9.987860875E+00 1.002732432E+01 1.006831406E+01 1.011080293E+01 1.015475254E+01
 1.020011360E+01 1.024682653E+01 1.029482218E+01 1.034402269E+01 1.039434240E+01
 1.044568890E+01 1.049796414E+01 1.055106549E+01 1.060488689E+01 1.065931997E+01
 1.178748912E+01 1.176311774E+01 1.172856244E+01 1.168399785E+01 1.162965325E+01
 1.156581452E+01 1.149282634E+01 1.141109467E+01 1.132108924E+01 1.122334592E+01
 1.111846879E+01 1.100713151E+01 1.089007770E+01 1.076811997E+01 1.064213717E+01
 1.051306938E+01 1.038191035E+01 1.024969704E+01 1.011749623E+01 9.986388019E+00
 9.857446844E+00 9.731720246E+00 9.610206278E+00 9.493830256E+00 9.383421523E+00
 9.279690493E+00 9.183205502E+00 9.094368153E+00 9.013385129E+00 8.940235435E+00
 8.874637531E+00 8.816034791E+00 8.763638374E+00 8.716570326E+00 8.674092622E+00
 8.635801823E+00 8.601648941E+00 8.571786641E+00 8.546380480E+00 8.525494733E+00
 8.509064851E+00 8.496918509E+00 8.488810506E+00 8.484454409E+00 8.483546055E+00
 8.485779328E+00 8.490856053E+00 8.498491826E+00 8.508419142E+00 8.520388799E+00
 8.534170203E+00 8.549550999E+00 8.566336309E+00 8.584347738E+00 8.603422273E+00
 8.623411157E+00 8.644178758E+00 8.665601494E+00 8.687566811E+00 8.709972223E+00
 8.732724437E+00 8.755738541E+00 8.778937267E+00 8.802250331E+00 8.825613834E+00
 8.848969727E+00 8.872265345E+00 8.895452994E+00 8.918489597E+00 8.941336389E+00
 8.963958666E+00 8.986325586E+00 9.008410008E+00 9.030188385E+00 9.051640693E+00
 9.072750407E+00 9.093504511E+00 9.113893550E+00 9.133911714E+00 9.153556956E+00
 9.172831140E+00 9.191740213E+00 9.210294399E+00 9.228508415E+00 9.246401691E+00
 9.263998600E+00 9.281328685E+00 9.298426873E+00 9.315333673E+00 9.332095344E+00
 9.348764016E+00 9.365397771E+00 9.382060654E+00 9.398822606E+00 9.415759317E+00
 9.432951976E+00 9.450486920E+00 9.468455159E+00 9.486951781E+00 9.506075240E+00
 9.525926505E+00 9.546608095E+00 9.568222995E+00 9.590873478E+00 9.614659822E+00
 9.639678985E+00 9.666023220E+00 9.693778687E+00 9.723024085E+00 9.753829335E+00
 9.786254343E+00 9.820347894E+00 9.856146689E+00 9.893674556E+00 9.932941873E+00
 9.973945197E+00 1.001666713E+01 1.006107641E+01 1.010712825E+01 1.015476487E+01
 1.020391624E+01 1.025450102E+01 1.030642764E+01 1.035959552E+01 1.041389634E+01
 1.046921543E+01 1.052543316E+01 1.058242630E+01 1.064006942E+01 1.178573979E+01
 1.175897601E+01 1.172101664E+01 1.167204144E+01 1.161228742E+01 1.154205171E+01
 1.146169490E+01 1.137164488E+01 1.127240100E+01 1.116453833E+01 1.104871176E+01
 1.092565969E+01 1.079620661E+01 1.066126426E+01 1.052183065E+01 1.037898619E+01
 1.023388638E+01 1.008775048E+01 9.941845641E+00 9.797466651E+00 9.655911548E+00
 9.518453925E+00 9.386313231E+00 9.260624636E+00 9.142409995E+00 9.032550917E+00
 8.931763551E+00 8.840572053E+00 8.759273139E+00 8.687877508E+00 8.626009026E+00
 8.572758136E+00 8.526572609E+00 8.485451299E+00 8.447697272E+00 8.412778664E+00
 8.381312323E+00 8.354249297E+00 8.332231488E+00 8.315457569E+00 8.303800705E+00
 8.296951477E+00 8.294517349E+00 8.296080356E+00 8.301227731E+00 8.309567112E+00
 8.320733340E+00 8.334390792E+00 8.350233340E+00 8.367983115E+00 8.387388672E+00
 8.408222933E+00 8.430281078E+00 8.453378487E+00 8.477348807E+00 8.502042149E+00
 8.527323437E+00 8.553070904E+00 8.579174737E+00 8.605535853E+00 8.632064799E+00
 8.658680780E+00 8.685310778E+00 8.711888786E+00 8.738355120E+00 8.764655819E+00
 8.790742124E+00 8.816570026E+00 8.842099878E+00 8.867296074E+00 8.892126785E+00
 8.916563753E+00 8.940582133E+00 8.964160395E+00 8.987280268E+00 9.009926740E+00
 9.032088094E+00 9.053755998E+00 9.074925631E+00 9.095595854E+00 9.115769412E+00
 9.135453175E+00 9.154658409E+00 9.173401062E+00 9.191702087E+00 9.209587755E+00
 9.227089988E+00 9.244246678E+00 9.261101992E+00 9.277706645E+00 9.294118137E+00
 9.310400925E+00 9.326626531E+00 9.342873561E+00 9.359227620E+00 9.375781107E+00
 9.392632886E+00 9.409887799E+00 9.427656035E+00 9.446052333E+00 9.465195014E+00
 9.485204857E+00 9.506203818E+00 9.528313601E+00 9.551654107E+00 9.576341792E+00
 9.602487948E+00 9.630196965E+00 9.659564601E+00 9.690676307E+00 9.723605660E+00
 9.758412939E+00 9.795143892E+00 9.833828731E+00 9.874481389E+00 9.917099055E+00
 9.961662013E+00 1.000813378E+01 1.005646153E+01 1.010657685E+01 1.015839668E+01
 1.021182453E+01 1.026675190E+01 1.032305981E+01 1.038062047E+01 1.043929900E+01
 1.049895518E+01 1.055944513E+01 1.062062308E+01 1.178383785E+01 1.175447061E+01
 1.171280214E+01 1.165901281E+01 1.159334163E+01 1.151609011E+01 1.142762697E+01
 1.132839365E+01 1.121891051E+01 1.109978364E+01 1.097171185E+01 1.083549353E+01
 1.069203285E+01 1.054234435E+01 1.038755530E+01 1.022890451E+01 1.006773649E+01
 9.905489924E+00 9.743679533E+00 9.583870902E+00 9.427648585E+00 9.276578677E+00
 9.132168059E+00 8.995823413E+00 8.868813696E+00 8.752239701E+00 8.647013333E+00
 8.553846445E+00 8.473242541E+00 8.405468054E+00 8.350435656E+00 8.307324465E+00
 8.273633091E+00 8.244039989E+00 8.212550947E+00 8.178830062E+00 8.147455035E+00
 8.121908744E+00 8.103282971E+00 8.091418228E+00 8.085719147E+00 8.085492271E+00
 8.090064575E+00 8.098819974E+00 8.111206813E+00 8.126735417E+00 8.144972581E+00
 8.165535455E+00 8.188085695E+00 8.212324139E+00 8.237986075E+00 8.264837070E+00
 8.292669301E+00 8.321298348E+00 8.350560378E+00 8.380309684E+00 8.410416528E+00
 8.440765247E+00 8.471252603E+00 8.501786325E+00 8.532283840E+00 8.562671156E+00
 8.592881884E+00 8.622856387E+00 8.652541034E+00 8.681887554E+00 8.710852483E+00
 8.739396681E+00 8.767484941E+00 8.795085650E+00 8.822170529E+00 8.848714426E+00
 8.874695175E+00 8.900093510E+00 8.924893030E+00 8.949080229E+00 8.972644571E+00
 8.995578614E+00 9.017878195E+00 9.039542655E+00 9.060575112E+00 9.080982777E+00
 9.100777310E+00 9.119975210E+00 9.138598235E+00 9.156673838E+00 9.174235621E+00
 9.191323788E+00 9.207985584E+00 9.224275712E+00 9.240256708E+00 9.255999257E+00
 9.271582428E+00 9.287093817E+00 9.302629556E+00 9.318294200E+00 9.334200436E+00
 9.350468619E+00 9.367226110E+00 9.384606406E+00 9.402748046E+00 9.421793309E+00
 9.441886692E+00 9.463173191E+00 9.485796405E+00 9.509896500E+00 9.535608063E+00
 9.563057903E+00 9.592362852E+00 9.623627620E+00 9.656942779E+00 9.692382923E+00
 9.730005072E+00 9.769847372E+00 9.811928134E+00 9.856245244E+00 9.902775965E+00
 9.951477137E+00 1.000228577E+01 1.005512001E+01 1.010988041E+01 1.016645156E+01
 1.022470387E+01 1.028449560E+01 1.034567497E+01 1.040808237E+01 1.047155256E+01
 1.053591678E+01 1.060100489E+01 1.178178387E+01 1.174960223E+01 1.170391848E+01
 1.164490757E+01 1.157280271E+01 1.148790021E+01 1.139056567E+01 1.128124138E+01
 1.116045499E+01 1.102882941E+01 1.088709365E+01 1.073609415E+01 1.057680620E+01
 1.041034421E+01 1.023796977E+01 1.006109575E+01 9.881284507E+00 9.700238185E+00
 9.519779016E+00 9.341818399E+00 9.168314382E+00 9.001218926E+00 8.842418300E+00
 8.693672097E+00 8.556558157E+00 8.432431912E+00 8.322409240E+00 8.227382537E+00
 8.148081959E+00 8.085200493E+00 8.039612952E+00 8.012687110E+00 8.005981185E+00
 8.011915634E+00 7.985272979E+00 7.934106031E+00 7.894823405E+00 7.869731411E+00
 7.855957018E+00 7.851151457E+00 7.853606774E+00 7.862038490E+00 7.875439871E+00
 7.892996465E+00 7.914034587E+00 7.937988389E+00 7.964377503E+00 7.992791002E+00
 8.022875361E+00 8.054325108E+00 8.086875360E+00 8.120295747E+00 8.154385400E+00
 8.188968769E+00 8.223892100E+00 8.259020458E+00 8.294235187E+00 8.329431748E+00
 8.364517853E+00 8.399411870E+00 8.434041442E+00 8.468342294E+00 8.502257205E+00
 8.535735114E+00 8.568730357E+00 8.601202000E+00 8.633113279E+00 8.664431123E+00
 8.695125750E+00 8.725170351E+00 8.754540829E+00 8.783215610E+00 8.811175522E+00
 8.838403727E+00 8.864885720E+00 8.890609388E+00 8.915565125E+00 8.939746010E+00
 8.963148043E+00 8.985770437E+00 9.007615967E+00 9.028691378E+00 9.049007837E+00
 9.068581434E+00 9.087433733E+00 9.105592341E+00 9.123091518E+00 9.139972789E+00
 9.156285555E+00 9.172087695E+00 9.187446126E+00 9.202437298E+00 9.217147619E+00
 9.231673760E+00 9.246122828E+00 9.260612374E+00 9.275270198E+00 9.290233943E+00
 9.305650428E+00 9.321674721E+00 9.338468926E+00 9.356200674E+00 9.375041331E+00
 9.395163923E+00 9.416740818E+00 9.439941186E+00 9.464928308E+00 9.491856770E+00
 9.520869650E+00 9.552095746E+00 9.585646951E+00 9.621615856E+00 9.660073661E+00
 9.701068473E+00 9.744624053E+00 9.790739049E+00 9.839386768E+00 9.890515455E+00
 9.944049113E+00 9.999888790E+00 1.005791431E+01 1.011798639E+01 1.017994902E+01
 1.024363207E+01 1.030885410E+01 1.037542508E+01 1.044314924E+01 1.051182773E+01
 1.058126115E+01 1.177958359E+01 1.174438386E+01 1.169438766E+01 1.162975708E+01
 1.155070952E+01 1.145752362E+01 1.135054666E+01 1.123020397E+01 1.109701027E+01
 1.095158308E+01 1.079465831E+01 1.062710755E+01 1.044995679E+01 1.026440525E+01
 1.007184302E+01 9.873864931E+00 9.672277643E+00 9.469096231E+00 9.266526129E+00
 9.066926861E+00 8.872755357E+00 8.686489347E+00 8.510535169E+00 8.347128698E+00
 8.198242131E+00 8.065511936E+00 7.950204131E+00 7.853233159E+00 7.775254515E+00
 7.716870172E+00 7.679055605E+00 7.664179024E+00 7.679160325E+00 7.745079965E+00
 7.714510566E+00 7.639553711E+00 7.603829391E+00 7.588315837E+00 7.585804623E+00
 7.592719963E+00 7.606880139E+00 7.626776309E+00 7.651282927E+00 7.679520451E+00
 7.710781158E+00 7.744484600E+00 7.780148495E+00 7.817368408E+00 7.855802850E+00
 7.895161937E+00 7.935198522E+00 7.975701128E+00 8.016488222E+00 8.057403540E+00
 8.098312215E+00 8.139097567E+00 8.179658407E+00 8.219906771E+00 8.259766009E+00
 8.299169149E+00 8.338057514E+00 8.376379530E+00 8.414089713E+00 8.451147790E+00
 8.487517957E+00 8.523168232E+00 8.558069921E+00 8.592197156E+00 8.625526519E+00
 8.658036743E+00 8.689708473E+00 8.720524106E+00 8.750467687E+00 8.779524875E+00
 8.807682970E+00 8.834931012E+00 8.861259939E+00 8.886662813E+00 8.911135119E+00
 8.934675127E+00 8.957284328E+00 8.978967928E+00 8.999735422E+00 9.019601223E+00
 9.038585344E+00 9.056714150E+00 9.074021129E+00 9.090547713E+00 9.106344102E+00
 9.121470092E+00 9.135995871E+00 9.150002765E+00 9.163583906E+00 9.176844776E+00
 9.189903608E+00 9.202891585E+00 9.215952817E+00 9.229244035E+00 9.242933988E+00
 9.257202483E+00 9.272239061E+00 9.288241285E+00 9.305412629E+00 9.323959988E+00
 9.344090829E+00 9.366010025E+00 9.389916442E+00 9.415999362E+00 9.444434826E+00
 9.475382033E+00 9.508979886E+00 9.545343833E+00 9.584563100E+00 9.626698435E+00
 9.671780454E+00 9.719808645E+00 9.770751081E+00 9.824544845E+00 9.881097148E+00
 9.940287097E+00 1.000196803E+01 1.006597034E+01 1.013210464E+01 1.020016523E+01
 1.026993367E+01 1.034118238E+01 1.041367820E+01 1.048718573E+01 1.056147048E+01
 1.177724902E+01 1.173884347E+01 1.168425946E+01 1.161363742E+01 1.152716720E+01
 1.142509439E+01 1.130772883E+01 1.117545554E+01 1.102874848E+01 1.086818766E+01
 1.069447988E+01 1.050848325E+01 1.031123551E+01 1.010398516E+01 9.888223985E+00
 9.665717986E+00 9.438532169E+00 9.209042974E+00 8.979930467E+00 8.754141830E+00
 8.534818912E+00 8.325186588E+00 8.128405715E+00 7.947403790E+00 7.784705508E+00
 7.642290922E+00 7.521507693E+00 7.423054988E+00 7.347040889E+00 7.293091662E+00
 7.260440252E+00 7.247744571E+00 7.251754393E+00 7.263265159E+00 7.267847051E+00
 7.265293640E+00 7.266316626E+00 7.275502685E+00 7.292817339E+00 7.317052123E+00
 7.346926704E+00 7.381326753E+00 7.419326130E+00 7.460163032E+00 7.503210801E+00
 7.547952331E+00 7.593959264E+00 7.640875380E+00 7.688403377E+00 7.736294297E+00
 7.784339040E+00 7.832361497E+00 7.880212977E+00 7.927767646E+00 7.974918792E+00
 8.021575729E+00 8.067661236E+00 8.113109412E+00 8.157863881E+00 8.201876277E+00
 8.245104958E+00 8.287513916E+00 8.329071846E+00 8.369751347E+00 8.409528244E+00
 8.448381006E+00 8.486290257E+00 8.523238362E+00 8.559209096E+00 8.594187369E+00
 8.628159029E+00 8.661110728E+00 8.693029845E+00 8.723904486E+00 8.753723546E+00
 8.782476838E+00 8.810155297E+00 8.836751260E+00 8.862258822E+00 8.886674269E+00
 8.909996599E+00 8.932228127E+00 8.953375168E+00 8.973448810E+00 8.992465764E+00
 9.010449293E+00 9.027430202E+00 9.043447892E+00 9.058551441E+00 9.072800722E+00
 9.086267496E+00 9.099036485E+00 9.111206362E+00 9.122890628E+00 9.134218330E+00
 9.145334560E+00 9.156400690E+00 9.167594269E+00 9.179108551E+00 9.191151575E+00
 9.203944766E+00 9.217721025E+00 9.232722275E+00 9.249196477E+00 9.267394133E+00
 9.287564332E+00 9.309950405E+00 9.334785313E+00 9.362286881E+00 9.392653050E+00
 9.426057297E+00 9.462644411E+00 9.502526790E+00 9.545781413E+00 9.592447624E+00
 9.642525818E+00 9.695977091E+00 9.752723869E+00 9.812651476E+00 9.875610570E+00
 9.941420340E+00 1.000987232E+01 1.008073466E+01 1.015375669E+01 1.022867365E+01
 1.030521130E+01 1.038309052E+01 1.046203145E+01 1.054175742E+01 1.177479923E+01
 1.173302612E+01 1.167361552E+01 1.159667694E+01 1.150235965E+01 1.139085892E+01
 1.126242473E+01 1.111737325E+01 1.095610224E+01 1.077911086E+01 1.058702525E+01
 1.038063056E+01 1.016091052E+01 9.929094544E+00 9.686711880E+00 9.435649983E+00
 9.178211846E+00 8.917162981E+00 8.655754289E+00 8.397702994E+00 8.147112341E+00
 7.908314891E+00 7.685636559E+00 7.483099039E+00 7.304102091E+00 7.151144161E+00
 7.025639070E+00 6.927862990E+00 6.857024805E+00 6.811406318E+00 6.788477910E+00
 6.784878987E+00 6.796255589E+00 6.817406548E+00 6.843675714E+00 6.872967886E+00
 6.905619159E+00 6.942449398E+00 6.983671804E+00 7.028931175E+00 7.077608915E+00
 7.129031496E+00 7.182567972E+00 7.237664602E+00 7.293850502E+00 7.350731623E+00
 7.407980913E+00 7.465328042E+00 7.522549985E+00 7.579462883E+00 7.635915192E+00
 7.691782009E+00 7.746960395E+00 7.801365538E+00 7.854927595E+00 7.907589091E+00
 7.959302770E+00 8.010029801E+00 8.059738287E+00 8.108402003E+00 8.155999335E+00
 8.202512373E+00 8.247926137E+00 8.292227916E+00 8.335406701E+00 8.377452697E+00
 8.418356913E+00 8.458110814E+00 8.496706041E+00 8.534134186E+00 8.570386632E+00
 8.605454445E+00 8.639328340E+00 8.671998698E+00 8.703455663E+00 8.733689299E+00
 8.762689841E+00 8.790448008E+00 8.816955422E+00 8.842205107E+00 8.866192095E+00
 8.888914127E+00 8.910372471E+00 8.930572832E+00 8.949526389E+00 8.967250925E+00
 8.983772061E+00 8.999124580E+00 9.013353830E+00 9.026517175E+00 9.038685481E+00
 9.049944589E+00 9.060396740E+00 9.070161902E+00 9.079378929E+00 9.088206501E+00
 9.096823746E+00 9.105430489E+00 9.114247033E+00 9.123513384E+00 9.133487868E+00
 9.144445050E+00 9.156672937E+00 9.170469430E+00 9.186138047E+00 9.203982969E+00
 9.224303495E+00 9.247388052E+00 9.273507929E+00 9.302910954E+00 9.335815347E+00
 9.372404008E+00 9.412819485E+00 9.457159854E+00 9.505475709E+00 9.557768403E+00
 9.613989628E+00 9.674042349E+00 9.737783026E+00 9.805025037E+00 9.875543095E+00
 9.949078479E+00 1.002534483E+01 1.010403426E+01 1.018482358E+01 1.026738038E+01
 1.035136880E+01 1.043645484E+01 1.052231115E+01 1.177226058E+01 1.172699461E+01
 1.166257120E+01 1.157906007E+01 1.147655717E+01 1.135518990E+01 1.121512449E+01
 1.105657663E+01 1.087982630E+01 1.068523822E+01 1.047328993E+01 1.024460949E+01
 1.000002557E+01 9.740632203E+00 9.467870248E+00 9.183625666E+00 8.890340886E+00
 8.591129077E+00 8.289871002E+00 7.991261349E+00 7.700759401E+00 7.424395363E+00
 7.168399729E+00 6.938667182E+00 6.740133125E+00 6.576202011E+00 6.448381109E+00
 6.356217337E+00 6.297529106E+00 6.268827179E+00 6.265781064E+00 6.283628108E+00
 6.317522830E+00 6.362920210E+00 6.416042625E+00 6.474241159E+00 6.535961817E+00
 6.600356721E+00 6.666876451E+00 6.735049507E+00 6.804421243E+00 6.874559946E+00
 6.945074136E+00 7.015622961E+00 7.085918362E+00 7.155721931E+00 7.224839257E+00
 7.293113557E+00 7.360419540E+00 7.426657924E+00 7.491750734E+00 7.555637368E+00
 7.618271333E+00 7.679617578E+00 7.739650290E+00 7.798351090E+00 7.855707546E+00
 7.911711929E+00 7.966360179E+00 8.019651029E+00 8.071585256E+00 8.122165044E+00
 8.171393428E+00 8.219273814E+00 8.265809555E+00 8.311003595E+00 8.354858146E+00
 8.397374429E+00 8.438552447E+00 8.478390817E+00 8.516886646E+00 8.554035453E+00
 8.589831161E+00 8.624266134E+00 8.657331298E+00 8.689016319E+00 8.719309873E+00
 8.748200006E+00 8.775674583E+00 8.801721851E+00 8.826331119E+00 8.849493551E+00
 8.871203104E+00 8.891457593E+00 8.910259908E+00 8.927619366E+00 8.943553217E+00
 8.958088276E+00 8.971262690E+00 8.983127807E+00 8.993750122E+00 9.003213274E+00
 9.011620025E+00 9.019094181E+00 9.025782372E+00 9.031855597E+00 9.037510457E+00
 9.042969933E+00 9.048483627E+00 9.054327317E+00 9.060801721E+00 9.068230365E+00
 9.076956466E+00 9.087338778E+00 9.099746394E+00 9.114552546E+00 9.132127502E+00
 9.152830746E+00 9.177002663E+00 9.204956031E+00 9.236967669E+00 9.273270600E+00
 9.314047116E+00 9.359423085E+00 9.409463794E+00 9.464171567E+00 9.523485254E+00
 9.587281637E+00 9.655378650E+00 9.727540227E+00 9.803482518E+00 9.882881149E+00
 9.965379166E+00 1.005059532E+01 1.013813231E+01 1.022758480E+01 1.031854677E+01
 1.041061821E+01 1.050341092E+01 1.176966605E+01 1.172082803E+01 1.165127330E+01
 1.156102482E+01 1.145011488E+01 1.131858773E+01 1.116650416E+01 1.099394861E+01
 1.080104033E+01 1.058795043E+01 1.035492744E+01 1.010233504E+01 9.830706747E+00
 9.540823737E+00 9.233822902E+00 8.911342588E+00 8.575710960E+00 8.230174575E+00
 7.879148454E+00 7.528439816E+00 7.185355928E+00 6.858564353E+00 6.557565118E+00
 6.291709407E+00 6.068885530E+00 5.894225721E+00 5.769297714E+00 5.692090381E+00
 5.657747411E+00 5.659697895E+00 5.690771242E+00 5.744037862E+00 5.813323256E+00
 5.893469936E+00 5.980435525E+00 6.071265550E+00 6.163949493E+00 6.257195626E+00
 6.350194815E+00 6.442432400E+00 6.533565952E+00 6.623356066E+00 6.711629714E+00
 6.798260562E+00 6.883157381E+00 6.966256275E+00 7.047514912E+00 7.126907961E+00
 7.204423441E+00 7.280059758E+00 7.353823340E+00 7.425726734E+00 7.495787093E+00
 7.564024962E+00 7.630463304E+00 7.695126706E+00 7.758040729E+00 7.819231359E+00
 7.878724546E+00 7.936545791E+00 7.992719792E+00 8.047270121E+00 8.100218921E+00
 8.151586645E+00 8.201391799E+00 8.249650716E+00 8.296377348E+00 8.341583084E+00
 8.385276590E+00 8.427463684E+00 8.468147246E+00 8.507327164E+00 8.545000333E+00
 8.581160712E+00 8.615799433E+00 8.648905001E+00 8.680463563E+00 8.710459278E+00
 8.738874799E+00 8.765691866E+00 8.790892039E+00 8.814457574E+00 8.836372465E+00
 8.856623647E+00 8.875202396E+00 8.892105908E+00 8.907339089E+00 8.920916531E+00
 8.932864691E+00 8.943224238E+00 8.952052568E+00 8.959426427E+00 8.965444609E+00
 8.970230646E+00 8.973935423E+00 8.976739585E+00 8.978855629E+00 8.980529529E+00
 8.982041713E+00 8.983707241E+00 8.985874979E+00 8.988925611E+00 8.993268327E+00
 8.999336073E+00 9.007579308E+00 9.018458276E+00 9.032433907E+00 9.049957539E+00
 9.071459798E+00 9.097339024E+00 9.127949764E+00 9.163591871E+00 9.204500779E+00
 9.250839499E+00 9.302692795E+00 9.360063871E+00 9.422873789E+00 9.490963604E+00
 9.564099092E+00 9.641977764E+00 9.724237729E+00 9.810467915E+00 9.900219097E+00
 9.993015202E+00 1.008836440E+01 1.018576955E+01 1.028473772E+01 1.038478848E+01
 1.048546090E+01 1.176705338E+01 1.171461753E+01 1.163989249E+01 1.154285136E+01
 1.142345722E+01 1.128166212E+01 1.111740669E+01 1.093062092E+01 1.072122759E+01
 1.048915001E+01 1.023432713E+01 9.956740471E+00 9.656459622E+00 9.333716329E+00
 8.989021593E+00 8.623345522E+00 8.238384914E+00 7.836944918E+00 7.423450080E+00
 7.004559702E+00 6.589768216E+00 6.191707874E+00 5.825686420E+00 5.507975518E+00
 5.252811454E+00 5.069008991E+00 4.957823223E+00 4.913240476E+00 4.924379409E+00
 4.978553372E+00 5.063676322E+00 5.169544917E+00 5.288200170E+00 5.413773273E+00
 5.542133741E+00 5.670508872E+00 5.797138600E+00 5.920983020E+00 6.041487190E+00
 6.158403823E+00 6.271669153E+00 6.381322116E+00 6.487454946E+00 6.590184506E+00
 6.689636364E+00 6.785936300E+00 6.879206023E+00 6.969561199E+00 7.057110728E+00
 7.141956681E+00 7.224194558E+00 7.303913698E+00 7.381197720E+00 7.456124969E+00
 7.528768901E+00 7.599198429E+00 7.667478194E+00 7.733668788E+00 7.797826904E+00
 7.860005442E+00 7.920253563E+00 7.978616701E+00 8.035136536E+00 8.089850942E+00
 8.142793905E+00 8.193995434E+00 8.243481450E+00 8.291273683E+00 8.337389565E+00
 8.381842139E+00 8.424639985E+00 8.465787176E+00 8.505283272E+00 8.543123358E+00
 8.579298145E+00 8.613794142E+00 8.646593910E+00 8.677676418E+00 8.707017513E+00
 8.734590523E+00 8.760367012E+00 8.784317700E+00 8.806413586E+00 8.826627264E+00
 8.844934480E+00 8.861315938E+00 8.875759364E+00 8.888261846E+00 8.898832457E+00
 8.907495153E+00 8.914291930E+00 8.919286220E+00 8.922566459E+00 8.924249780E+00
 8.924485713E+00 8.923459781E+00 8.921396822E+00 8.918563852E+00 8.915272233E+00
 8.911878913E+00 8.908786434E+00 8.906441469E+00 8.905331585E+00 8.905980037E+00
 8.908938425E+00 8.914777153E+00 8.924073780E+00 8.937399482E+00 8.955304042E+00
 8.978299940E+00 9.006846266E+00 9.041333310E+00 9.082068682E+00 9.129265845E+00
 9.183035767E+00 9.243382273E+00 9.310201360E+00 9.383284533E+00 9.462325878E+00
 9.546932381E+00 9.636636790E+00 9.730912226E+00 9.829187674E+00 9.930863576E+00
 1.003532678E+01 1.014196433E+01 1.025017553E+01 1.035938232E+01 1.046903744E+01
 1.176446192E+01 1.170845869E+01 1.162860939E+01 1.152483954E+01 1.139704517E+01
 1.124508712E+01 1.106878410E+01 1.086790461E+01 1.064215856E+01 1.039118933E+01
 1.011456871E+01 9.811798097E+00 9.482322643E+00 9.125569286E+00 8.741027592E+00
 8.328404750E+00 7.887905943E+00 7.420719925E+00 6.929823284E+00 6.421232633E+00
 5.905757898E+00 5.400974738E+00 4.932324401E+00 4.531144560E+00 4.227553617E+00
 4.039780525E+00 3.966882531E+00 3.990864757E+00 4.085804220E+00 4.226656800E+00
 4.393692909E+00 4.573156903E+00 4.756187056E+00 4.937403281E+00 5.113729891E+00
 5.283558279E+00 5.446190609E+00 5.601479439E+00 5.749595665E+00 5.890879940E+00
 6.025749261E+00 6.154640419E+00 6.277977894E+00 6.396157425E+00 6.509539223E+00
 6.618446751E+00 6.723168475E+00 6.823961004E+00 6.921052699E+00 7.014647261E+00
 7.104927037E+00 7.192055958E+00 7.276182062E+00 7.357439645E+00 7.435951035E+00
 7.511828074E+00 7.585173308E+00 7.656080952E+00 7.724637653E+00 7.790923075E+00
 7.855010354E+00 7.916966417E+00 7.976852213E+00 8.034722850E+00 8.090627676E+00
 8.144610293E+00 8.196708539E+00 8.246954437E+00 8.295374120E+00 8.341987757E+00
 8.386809474E+00 8.429847294E+00 8.471103094E+00 8.510572614E+00 8.548245500E+00
 8.584105431E+00 8.618130314E+00 8.650292586E+00 8.680559641E+00 8.708894389E+00
 8.735255990E+00 8.759600775E+00 8.781883393E+00 8.802058203E+00 8.820080945E+00
 8.835910728E+00 8.849512351E+00 8.860858996E+00 8.869935307E+00 8.876740873E+00
 8.881294111E+00 8.883636548E+00 8.883837446E+00 8.881998727E+00 8.878260089E+00
 8.872804170E+00 8.865861588E+00 8.857715600E+00 8.848706091E+00 8.839232543E+00
 8.829755577E+00 8.820796653E+00 8.812935472E+00 8.806804683E+00 8.803081560E+00
 8.802476434E+00 8.805717876E+00 8.813534838E+00 8.826636260E+00 8.845688936E+00
 8.871294706E+00 8.903968259E+00 8.944116949E+00 8.992023988E+00 9.047836240E+00
 9.111557512E+00 9.183047832E+00 9.262028723E+00 9.348094029E+00 9.440725408E+00
 9.539311346E+00 9.643168367E+00 9.751563096E+00 9.863733939E+00 9.978911359E+00
 1.009633595E+01 1.021527385E+01 1.033502911E+01 1.045495321E+01 1.176192837E+01
 1.170244117E+01 1.161759478E+01 1.150727603E+01 1.137132558E+01 1.120952739E+01
 1.102159469E+01 1.080715202E+01 1.056571262E+01 1.029665053E+01 9.999167403E+00
 9.672254199E+00 9.314649995E+00 8.924803215E+00 8.500847431E+00 8.040617768E+00
 7.541762189E+00 7.002059416E+00 6.420169615E+00 5.797258485E+00 5.140273082E+00
 4.467897449E+00 3.819187187E+00 3.259408475E+00 2.867222178E+00 2.693073858E+00
 2.723373708E+00 2.896523473E+00 3.146438546E+00 3.426458954E+00 3.710158574E+00
 3.984584527E+00 4.244286020E+00 4.487626939E+00 4.714788885E+00 4.926751434E+00
 5.124787981E+00 5.310223130E+00 5.484320385E+00 5.648234351E+00 5.802994941E+00
 5.949507521E+00 6.088560857E+00 6.220838596E+00 6.346931893E+00 6.467351887E+00
 6.582541289E+00 6.692884754E+00 6.798717913E+00 6.900335106E+00 6.997995901E+00
 7.091930540E+00 7.182344451E+00 7.269421959E+00 7.353329323E+00 7.434217205E+00
 7.512222667E+00 7.587470769E+00 7.660075847E+00 7.730142502E+00 7.797766378E+00
 7.863034742E+00 7.926026906E+00 7.986814522E+00 8.045461773E+00 8.102025466E+00
 8.156555065E+00 8.209092667E+00 8.259672930E+00 8.308322984E+00 8.355062321E+00
 8.399902681E+00 8.442847957E+00 8.483894121E+00 8.523029189E+00 8.560233249E+00
 8.595478565E+00 8.628729773E+00 8.659944204E+00 8.689072353E+00 8.716058524E+00
 8.740841683E+00 8.763356567E+00 8.783535068E+00 8.801307954E+00 8.816606966E+00
 8.829367336E+00 8.839530779E+00 8.847048999E+00 8.851887755E+00 8.854031514E+00
 8.853488701E+00 8.850297547E+00 8.844532492E+00 8.836311057E+00 8.825801056E+00
 8.813227938E+00 8.798881990E+00 8.783125012E+00 8.766396015E+00 8.749215368E+00
 8.732186745E+00 8.715996183E+00 8.701407533E+00 8.689253651E+00 8.680422829E+00
 8.675840217E+00 8.676444332E+00 8.683159219E+00 8.696863315E+00 8.718356606E+00
 8.748328043E+00 8.787325510E+00 8.835730609E+00 8.893740331E+00 8.961357146E+00
 9.038388339E+00 9.124454562E+00 9.219006791E+00 9.321350137E+00 9.430672512E+00
 9.546075959E+00 9.666608456E+00 9.791294334E+00 9.919161789E+00 1.004926650E+01
 1.018071080E+01 1.031265822E+01 1.044434367E+01 1.175948193E+01 1.169663667E+01
 1.160698630E+01 1.149039439E+01 1.134666766E+01 1.117554171E+01 1.097666132E+01
 1.074955383E+01 1.049359370E+01 1.020795535E+01 9.891551012E+00 9.542948999E+00
 9.160266336E+00 8.741028374E+00 8.281986239E+00 7.778882902E+00 7.226164059E+00
 6.616653957E+00 5.941298739E+00 5.189345052E+00 4.350159229E+00 3.420467220E+00
 2.427686063E+00 1.488051791E+00 8.631305036E-01 7.823991167E-01 1.132945174E+00
 1.647568580E+00 2.170833140E+00 2.650707445E+00 3.077994451E+00 3.456769269E+00
 3.794038924E+00 4.096578731E+00 4.370143038E+00 4.619414938E+00 4.848156876E+00
 5.059389887E+00 5.255551322E+00 5.438621293E+00 5.610220595E+00 5.771685775E+00
 5.924126804E+00 6.068471744E+00 6.205501685E+00 6.335878354E+00 6.460166093E+00
 6.578849481E+00 6.692347515E+00 6.801025052E+00 6.905202067E+00 7.005161139E+00
 7.101153510E+00 7.193403984E+00 7.282114886E+00 7.367469244E+00 7.449633349E+00
 7.528758797E+00 7.604984108E+00 7.678435993E+00 7.749230342E+00 7.817472956E+00
 7.883260101E+00 7.946678883E+00 8.007807488E+00 8.066715318E+00 8.123463022E+00
 8.178102457E+00 8.230676592E+00 8.281219361E+00 8.329755487E+00 8.376300292E+00
 8.420859493E+00 8.463429024E+00 8.503994871E+00 8.542532962E+00 8.579009119E+00
 8.613379097E+00 8.645588742E+00 8.675574289E+00 8.703262845E+00 8.728573086E+00
 8.751416228E+00 8.771697300E+00 8.789316809E+00 8.804172827E+00 8.816163594E+00
 8.825190701E+00 8.831162933E+00 8.834000843E+00 8.833642137E+00 8.830047931E+00
 8.823209917E+00 8.813158444E+00 8.799971494E+00 8.783784437E+00 8.764800385E+00
 8.743300855E+00 8.719656302E+00 8.694335944E+00 8.667916122E+00 8.641086259E+00
 8.614651345E+00 8.589529763E+00 8.566745252E+00 8.547411959E+00 8.532711801E+00
 8.523863888E+00 8.522086462E+00 8.528552698E+00 8.544342620E+00 8.570394281E+00
 8.607457950E+00 8.656057220E+00 8.716460674E+00 8.788666804E+00 8.872403658E+00
 8.967143097E+00 9.072128082E+00 9.186410203E+00 9.308893876E+00 9.438383429E+00
 9.573629541E+00 9.713372126E+00 9.856377576E+00 1.000146915E+01 1.014755009E+01
 1.029361966E+01 1.043878281E+01 1.175713974E+01 1.169108753E+01 1.159686597E+01
 1.147433551E+01 1.132329788E+01 1.114348044E+01 1.093451409E+01 1.069590239E+01
 1.042697902E+01 1.012684895E+01 9.794307483E+00 9.427727994E+00 9.024905410E+00
 8.582835118E+00 8.097395189E+00 7.562878501E+00 6.971281852E+00 6.311182391E+00
 5.565875256E+00 4.710111959E+00 3.704042241E+00 2.481445505E+00 9.285702460E-01
-1.106975729E+00-3.036315567E+00-2.257840521E+00-6.804160685E-01 5.005648009E-01
 1.374490968E+00 2.052949285E+00 2.602111563E+00 3.061246349E+00 3.454872766E+00
 3.799076425E+00 4.104860583E+00 4.380017684E+00 4.630229107E+00 4.859740893E+00
 5.071794950E+00 5.268913189E+00 5.453089958E+00 5.625925568E+00 5.788720994E+00
 5.942546397E+00 6.088291640E+00 6.226704149E+00 6.358417716E+00 6.483974696E+00
 6.603843297E+00 6.718431156E+00 6.828096088E+00 6.933154624E+00 7.033888836E+00
 7.130551780E+00 7.223371873E+00 7.312556377E+00 7.398294192E+00 7.480758072E+00
 7.560106366E+00 7.636484390E+00 7.710025470E+00 7.780851726E+00 7.849074640E+00
 7.914795439E+00 7.978105324E+00 8.039085572E+00 8.097807528E+00 8.154332507E+00
 8.208711624E+00 8.260985557E+00 8.311184273E+00 8.359326707E+00 8.405420436E+00
 8.449461331E+00 8.491433234E+00 8.531307650E+00 8.569043494E+00 8.604586912E+00
 8.637871189E+00 8.668816806E+00 8.697331653E+00 8.723311467E+00 8.746640536E+00
 8.767192730E+00 8.784832946E+00 8.799419026E+00 8.810804266E+00 8.818840601E+00
 8.823382598E+00 8.824292375E+00 8.821445567E+00 8.814738493E+00 8.804096612E+00
 8.789484393E+00 8.770916632E+00 8.748471217E+00 8.722303231E+00 8.692660136E+00
 8.659897624E+00 8.624495453E+00 8.587072344E+00 8.548398661E+00 8.509405302E+00
 8.471186899E+00 8.434997266E+00 8.402234999E+00 8.374417420E+00 8.353141716E+00
 8.340033203E+00 8.336682128E+00 8.344572191E+00 8.365005724E+00 8.399031831E+00
 8.447384500E+00 8.510437249E+00 8.588179401E+00 8.680216627E+00 8.785795446E+00
 8.903848579E+00 9.033055776E+00 9.171913617E+00 9.318807582E+00 9.472080574E+00
 9.630093460E+00 9.791274885E+00 9.954159205E+00 1.011741269E+01 1.027984906E+01
 1.044043608E+01 1.175490393E+01 1.168579904E+01 1.158724427E+01 1.145911846E+01
 1.130124990E+01 1.111340276E+01 1.089525726E+01 1.064638130E+01 1.036619007E+01
 1.005388892E+01 9.708392618E+00 9.328211120E+00 8.911287162E+00 8.454763272E+00
 7.954642355E+00 7.405281871E+00 6.798615250E+00 6.122900302E+00 5.360590861E+00
 4.484450951E+00 3.449798646E+00 2.177185251E+00 5.080821241E-01-1.915654573E+00
-5.080669133E+00-3.296010542E+00-1.169617812E+00 1.658425863E-01 1.101979182E+00
 1.813282433E+00 2.383549279E+00 2.858328210E+00 3.264766221E+00 3.620173966E+00
 3.936168179E+00 4.220862196E+00 4.480108370E+00 4.718243090E+00 4.938554054E+00
 5.143584281E+00 5.335336038E+00 5.515411187E+00 5.685109973E+00 5.845501948E+00
 5.997477795E+00 6.141787811E+00 6.279070908E+00 6.409876731E+00 6.534682733E+00
 6.653907479E+00 6.767921083E+00 6.877053465E+00 6.981600900E+00 7.081831236E+00
 7.177988051E+00 7.270293970E+00 7.358953300E+00 7.444154116E+00 7.526069890E+00
 7.604860760E+00 7.680674479E+00 7.753647116E+00 7.823903541E+00 7.891557724E+00
 7.956712880E+00 8.019461482E+00 8.079885160E+00 8.138054498E+00 8.194028747E+00
 8.247855471E+00 8.299570120E+00 8.349195564E+00 8.396741583E+00 8.442204334E+00
 8.485565802E+00 8.526793256E+00 8.565838733E+00 8.602638559E+00 8.637112947E+00
 8.669165702E+00 8.698684066E+00 8.725538756E+00 8.749584265E+00 8.770659468E+00
 8.788588647E+00 8.803183020E+00 8.814242892E+00 8.821560571E+00 8.824924207E+00
 8.824122736E+00 8.818952128E+00 8.809223160E+00 8.794770950E+00 8.775466465E+00
 8.751230227E+00 8.722048356E+00 8.687991028E+00 8.649233257E+00 8.606077690E+00
 8.558978817E+00 8.508567535E+00 8.455674534E+00 8.401350321E+00 8.346879068E+00
 8.293782837E+00 8.243812377E+00 8.198920641E+00 8.161215858E+00 8.132892475E+00
 8.116140735E+00 8.113038923E+00 8.125435923E+00 8.154835003E+00 8.202291631E+00
 8.268337955E+00 8.352943890E+00 8.455519929E+00 8.574960876E+00 8.709723954E+00
 8.857930670E+00 9.017479894E+00 9.186160155E+00 9.361751444E+00 9.542110061E+00
 9.725233410E+00 9.909304493E+00 1.009271791E+01 1.027409033E+01 1.045225886E+01
 1.175276120E+01 1.168073803E+01 1.157805655E+01 1.144463210E+01 1.128034699E+01
 1.108504247E+01 1.085850640E+01 1.060045455E+01 1.031050281E+01 9.988126466E+00
 9.632601086E+00 9.242917883E+00 8.817663638E+00 8.354852189E+00 7.851690266E+00
 7.304255837E+00 6.707063364E+00 6.052494836E+00 5.330115488E+00 4.526072003E+00
 3.623476669E+00 2.607381388E+00 1.487716313E+00 3.785506672E-01-3.664258308E-01
-3.805758929E-01 1.358144099E-01 7.903441149E-01 1.409991400E+00 1.957288186E+00
 2.435336544E+00 2.855362552E+00 3.228271707E+00 3.562963844E+00 3.866364106E+00
 4.143803783E+00 4.399399869E+00 4.636359767E+00 4.857210538E+00 5.063967735E+00
 5.258259213E+00 5.441416200E+00 5.614540721E+00 5.778555923E+00 5.934243989E+00
 6.082274957E+00 6.223228826E+00 6.357612671E+00 6.485873990E+00 6.608411188E+00
 6.725581871E+00 6.837709427E+00 6.945088278E+00 7.047988064E+00 7.146656992E+00
 7.241324502E+00 7.332203375E+00 7.419491400E+00 7.503372655E+00 7.584018485E+00
 7.661588216E+00 7.736229647E+00 7.808079352E+00 7.877262817E+00 7.943894438E+00
 8.008077386E+00 8.069903365E+00 8.129452264E+00 8.186791726E+00 8.241976624E+00
 8.295048472E+00 8.346034766E+00 8.394948266E+00 8.441786231E+00 8.486529613E+00
 8.529142229E+00 8.569569915E+00 8.607739695E+00 8.643558977E+00 8.676914813E+00
 8.707673255E+00 8.735678863E+00 8.760754414E+00 8.782700893E+00 8.801297853E+00
 8.816304265E+00 8.827459978E+00 8.834487983E+00 8.837097658E+00 8.834989245E+00
 8.827859848E+00 8.815411264E+00 8.797360026E+00 8.773450061E+00 8.743468393E+00
 8.707264310E+00 8.664772383E+00 8.616039583E+00 8.561256549E+00 8.500792705E+00
 8.435234356E+00 8.365424178E+00 8.292499468E+00 8.217925279E+00 8.143517207E+00
 8.071447210E+00 8.004225023E+00 7.944647692E+00 7.895711441E+00 7.860483718E+00
 7.841939187E+00 7.842770969E+00 7.865196070E+00 7.910779417E+00 7.980301994E+00
 8.073693767E+00 8.190042055E+00 8.327673091E+00 8.484292437E+00 8.657161798E+00
 8.843287304E+00 9.039597144E+00 9.243092681E+00 9.450964551E+00 9.660671916E+00
 9.869987842E+00 1.007701659E+01 1.028018961E+01 1.047824675E+01 1.175068579E+01
 1.167583996E+01 1.156917565E+01 1.143065470E+01 1.126022952E+01 1.105784359E+01
 1.082343080E+01 1.055691251E+01 1.025819079E+01 9.927135719E+00 9.563563926E+00
 9.167205187E+00 8.737653701E+00 8.274302423E+00 7.776263906E+00 7.242293912E+00
 6.670762924E+00 6.059782810E+00 5.407727245E+00 4.714655007E+00 3.985655937E+00
 3.237837847E+00 2.512338271E+00 1.886313219E+00 1.461555694E+00 1.305576631E+00
 1.395532307E+00 1.645490437E+00 1.971948809E+00 2.321965299E+00 2.668709033E+00
 3.000573769E+00 3.313538216E+00 3.607045639E+00 3.881992051E+00 4.139789927E+00
 4.381949664E+00 4.609904354E+00 4.824946940E+00 5.028217783E+00 5.220713492E+00
 5.403303408E+00 5.576747595E+00 5.741713713E+00 5.898791842E+00 6.048507058E+00
 6.191329917E+00 6.327685118E+00 6.457958591E+00 6.582503321E+00 6.701644081E+00
 6.815681305E+00 6.924894235E+00 7.029543467E+00 7.129873009E+00 7.226111921E+00
 7.318475618E+00 7.407166867E+00 7.492376550E+00 7.574284198E+00 7.653058349E+00
 7.728856733E+00 7.801826320E+00 7.872103230E+00 7.939812524E+00 8.005067884E+00
 8.067971194E+00 8.128612019E+00 8.187066989E+00 8.243399099E+00 8.297656921E+00
 8.349873731E+00 8.400066562E+00 8.448235177E+00 8.494360974E+00 8.538405826E+00
 8.580310874E+00 8.619995271E+00 8.657354906E+00 8.692261129E+00 8.724559501E+00
 8.754068626E+00 8.780579092E+00 8.803852623E+00 8.823621505E+00 8.839588412E+00
 8.851426789E+00 8.858781954E+00 8.861273178E+00 8.858497015E+00 8.850032247E+00
 8.835446880E+00 8.814307708E+00 8.786193071E+00 8.750709515E+00 8.707513157E+00
 8.656336598E+00 8.597022249E+00 8.529562796E+00 8.454149259E+00 8.371226558E+00
 8.281555554E+00 8.186279124E+00 8.086987789E+00 7.985777720E+00 7.885290825E+00
 7.788723443E+00 7.699787971E+00 7.622611987E+00 7.561563714E+00 7.521002657E+00
 7.504969544E+00 7.516848077E+00 7.559046668E+00 7.632754708E+00 7.737819737E+00
 7.872769473E+00 8.034972466E+00 8.220903399E+00 8.426462726E+00 8.647298787E+00
 8.879091252E+00 9.117771531E+00 9.359672412E+00 9.601611696E+00 9.840921775E+00
 1.007543954E+01 1.030347033E+01 1.052373729E+01 1.174864596E+01 1.167102453E+01
 1.156044149E+01 1.141690308E+01 1.124043060E+01 1.103107110E+01 1.078891066E+01
 1.051409064E+01 1.020682658E+01 9.867429770E+00 9.496331137E+00 9.094106929E+00
 8.661506614E+00 8.199485265E+00 7.709248729E+00 7.192332926E+00 6.650764647E+00
 6.087396356E+00 5.506573039E+00 4.915354751E+00 4.325499464E+00 3.756079342E+00
 3.235564076E+00 2.800403945E+00 2.486542494E+00 2.315130536E+00 2.282457422E+00
 2.363411585E+00 2.524460846E+00 2.735038733E+00 2.972302984E+00 3.221054841E+00
 3.471881846E+00 3.719242627E+00 3.960026239E+00 4.192596221E+00 4.416192625E+00
 4.630568554E+00 4.835772288E+00 5.032017593E+00 5.219606877E+00 5.398885918E+00
 5.570217439E+00 5.733965931E+00 5.890489208E+00 6.040133939E+00 6.183233542E+00
 6.320107446E+00 6.451061109E+00 6.576386455E+00 6.696362485E+00 6.811255961E+00
 6.921322060E+00 7.026804977E+00 7.127938438E+00 7.224946114E+00 7.318041944E+00
 7.407430345E+00 7.493306330E+00 7.575855523E+00 7.655254080E+00 7.731668518E+00
 7.805255452E+00 7.876161238E+00 7.944521537E+00 8.010460776E+00 8.074091531E+00
 8.135513813E+00 8.194814264E+00 8.252065256E+00 8.307323895E+00 8.360630929E+00
 8.412009548E+00 8.461464084E+00 8.508978609E+00 8.554515422E+00 8.598013435E+00
 8.639386461E+00 8.678521402E+00 8.715276362E+00 8.749478700E+00 8.780923038E+00
 8.809369285E+00 8.834540716E+00 8.856122187E+00 8.873758594E+00 8.887053703E+00
 8.895569553E+00 8.898826652E+00 8.896305292E+00 8.887448397E+00 8.871666400E+00
 8.848344830E+00 8.816855432E+00 8.776571821E+00 8.726890940E+00 8.667261774E+00
 8.597223012E+00 8.516451519E+00 8.424823454E+00 8.322489642E+00 8.209966019E+00
 8.088238444E+00 7.958878470E+00 7.824162398E+00 7.687179871E+00 7.551910488E+00
 7.423238712E+00 7.306871273E+00 7.209122009E+00 7.136542248E+00 7.095404387E+00
 7.091090174E+00 7.127481165E+00 7.206475971E+00 7.327747695E+00 7.488801061E+00
 7.685310780E+00 7.911653440E+00 8.161511725E+00 8.428438534E+00 8.706306063E+00
 8.989609838E+00 9.273633730E+00 9.554502687E+00 9.829156570E+00 1.009527610E+01
 1.035118527E+01 1.059574727E+01 1.174661311E+01 1.166621814E+01 1.155170421E+01
 1.140310569E+01 1.122049117E+01 1.100398400E+01 1.075378939E+01 1.047022981E+01
 1.015379007E+01 9.805174029E+00 9.425374849E+00 9.015760202E+00 8.578172980E+00
 8.115046365E+00 7.629530184E+00 7.125625314E+00 6.608328348E+00 6.083804974E+00
 5.559635909E+00 5.045189758E+00 4.552113075E+00 4.094718029E+00 3.689712207E+00
 3.354519805E+00 3.103899626E+00 2.945875797E+00 2.879190222E+00 2.893945255E+00
 2.974938054E+00 3.105618608E+00 3.270947333E+00 3.458700619E+00 3.659633049E+00
 3.867073083E+00 4.076356584E+00 4.284297613E+00 4.488763714E+00 4.688359755E+00
 4.882201882E+00 5.069759353E+00 5.250745037E+00 5.425039885E+00 5.592640840E+00
 5.753624792E+00 5.908123525E+00 6.056306221E+00 6.198367142E+00 6.334516934E+00
 6.464976412E+00 6.589972115E+00 6.709733078E+00 6.824488477E+00 6.934465879E+00
 7.039889924E+00 7.140981303E+00 7.237955946E+00 7.331024338E+00 7.420390929E+00
 7.506253585E+00 7.588803069E+00 7.668222507E+00 7.744686846E+00 7.818362268E+00
 7.889405562E+00 7.957963445E+00 8.024171805E+00 8.088154885E+00 8.150024371E+00
 8.209878399E+00 8.267800457E+00 8.323858188E+00 8.378102068E+00 8.430563966E+00
 8.481255572E+00 8.530166679E+00 8.577263311E+00 8.622485702E+00 8.665746092E+00
 8.706926362E+00 8.745875485E+00 8.782406799E+00 8.816295118E+00 8.847273685E+00
 8.875030996E+00 8.899207564E+00 8.919392655E+00 8.935121147E+00 8.945870625E+00
 8.951058945E+00 8.950042555E+00 8.942115972E+00 8.926512956E+00 8.902410115E+00
 8.868933883E+00 8.825172170E+00 8.770192289E+00 8.703067317E+00 8.622913512E+00
 8.528942116E+00 8.420529429E+00 8.297309613E+00 8.159294787E+00 8.007026305E+00
 7.841758854E+00 7.665674022E+00 7.482110896E+00 7.295786437E+00 7.112957606E+00
 6.941452959E+00 6.790482452E+00 6.670137017E+00 6.590535253E+00 6.560675537E+00
 6.587188721E+00 6.673296868E+00 6.818286087E+00 7.017660626E+00 7.263918277E+00
 7.547694750E+00 7.858960219E+00 8.188017617E+00 8.526181408E+00 8.866133408E+00
 9.202021423E+00 9.529387438E+00 9.845002933E+00 1.014666804E+01 1.043301009E+01
 1.070330065E+01 1.174457220E+01 1.166137970E+01 1.154287411E+01 1.138908811E+01
 1.120009616E+01 1.097604241E+01 1.071717878E+01 1.042391574E+01 1.009688945E+01
 9.737049405E+00 9.345771602E+00 8.925002036E+00 8.477433215E+00 8.006710335E+00
 7.517650232E+00 7.016432580E+00 6.510691473E+00 6.009415175E+00 5.522592833E+00
 5.060659882E+00 4.633928107E+00 4.252173104E+00 3.924317394E+00 3.657921044E+00
 3.458292983E+00 3.327445406E+00 3.263441945E+00 3.260590368E+00 3.310468757E+00
 3.403352496E+00 3.529529372E+00 3.680198716E+00 3.847910778E+00 4.026656625E+00
 4.211753977E+00 4.399645179E+00 4.587679062E+00 4.773912443E+00 4.956944359E+00
 5.135784240E+00 5.309750072E+00 5.478391063E+00 5.641429469E+00 5.798717035E+00
 5.950202415E+00 6.095906770E+00 6.235905444E+00 6.370314146E+00 6.499278472E+00
 6.622965933E+00 6.741559820E+00 6.855254482E+00 6.964251627E+00 7.068757420E+00
 7.168980160E+00 7.265128405E+00 7.357409413E+00 7.446027837E+00 7.531184587E+00
 7.613075806E+00 7.691891942E+00 7.767816848E+00 7.841026909E+00 7.911690160E+00
 7.979965381E+00 8.046001143E+00 8.109934801E+00 8.171891408E+00 8.231982545E+00
 8.290305047E+00 8.346939611E+00 8.401949277E+00 8.455377761E+00 8.507247624E+00
 8.557558264E+00 8.606283707E+00 8.653370181E+00 8.698733451E+00 8.742255891E+00
 8.783783273E+00 8.823121250E+00 8.860031515E+00 8.894227613E+00 8.925370410E+00
 8.953063203E+00 8.976846509E+00 8.996192559E+00 9.010499590E+00 9.019086064E+00
 9.021185023E+00 9.015938894E+00 9.002395202E+00 8.979503855E+00 8.946116937E+00
 8.900992337E+00 8.842803028E+00 8.770154556E+00 8.681614166E+00 8.575756244E+00
 8.451230283E+00 8.306859448E+00 8.141779950E+00 7.955633372E+00 7.748825123E+00
 7.522860362E+00 7.280760887E+00 7.027547135E+00 6.770731602E+00 6.520707801E+00
 6.290836860E+00 6.096963154E+00 5.956103235E+00 5.884245214E+00 5.893600417E+00
 5.990104545E+00 6.172119795E+00 6.430887461E+00 6.752507970E+00 7.120617194E+00
 7.518854385E+00 7.932578296E+00 8.349732429E+00 8.761039901E+00 9.159788664E+00
 9.541428161E+00 9.903122167E+00 1.024333494E+01 1.056148228E+01 1.085765340E+01
 1.174253152E+01 1.165652491E+01 1.153396901E+01 1.137485501E+01 1.117920667E+01
 1.094711148E+01 1.067876373E+01 1.037452325E+01 1.003499489E+01 9.661135884E+00
 9.254400506E+00 8.816934143E+00 8.351830597E+00 7.863463998E+00 7.357891585E+00
 6.843277527E+00 6.330182516E+00 5.831392235E+00 5.360848908E+00 4.931571963E+00
 4.553389261E+00 4.231907653E+00 3.969205488E+00 3.765225499E+00 3.618697073E+00
 3.527327378E+00 3.487647773E+00 3.494942347E+00 3.543445730E+00 3.626767808E+00
 3.738395855E+00 3.872133307E+00 4.022399772E+00 4.184382554E+00 4.354069081E+00
 4.528201614E+00 4.704191142E+00 4.880016858E+00 5.054127248E+00 5.225350964E+00
 5.392820620E+00 5.555909737E+00 5.714181674E+00 5.867348825E+00 6.015240296E+00
 6.157776416E+00 6.294948685E+00 6.426804009E+00 6.553432277E+00 6.674956562E+00
 6.791525363E+00 6.903306426E+00 7.010481810E+00 7.113243913E+00 7.211792246E+00
 7.306330784E+00 7.397065770E+00 7.484203859E+00 7.567950526E+00 7.648508660E+00
 7.726077302E+00 7.800850475E+00 7.873016072E+00 7.942754768E+00 8.010238929E+00
 8.075631500E+00 8.139084837E+00 8.200739485E+00 8.260722855E+00 8.319147809E+00
 8.376111109E+00 8.431691727E+00 8.485948994E+00 8.538920547E+00 8.590620076E+00
 8.641034817E+00 8.690122780E+00 8.737809660E+00 8.783985409E+00 8.828500407E+00
 8.871161202E+00 8.911725751E+00 8.949898120E+00 8.985322578E+00 9.017577021E+00
 9.046165693E+00 9.070511124E+00 9.089945298E+00 9.103700022E+00 9.110896555E+00
 9.110534642E+00 9.101481166E+00 9.082458863E+00 9.052035744E+00 9.008616289E+00
 8.950435979E+00 8.875561575E+00 8.781900648E+00 8.667225594E+00 8.529219705E+00
 8.365556358E+00 8.174027132E+00 7.952741200E+00 7.700426625E+00 7.416873331E+00
 7.103564318E+00 6.764537267E+00 6.407484139E+00 6.044997220E+00 5.695661765E+00
 5.384363598E+00 5.140851926E+00 4.995678282E+00 4.973678704E+00 5.087110782E+00
 5.331875669E+00 5.689044246E+00 6.130683639E+00 6.626734598E+00 7.150144935E+00
 7.679365579E+00 8.198757573E+00 8.697864884E+00 9.170299645E+00 9.612650380E+00
 1.002357621E+01 1.040311689E+01 1.075219303E+01 1.107225588E+01 1.174052972E+01
 1.165174383E+01 1.152514909E+01 1.136065134E+01 1.115816066E+01 1.091762019E+01
 1.063904633E+01 1.032258417E+01 9.968583971E+00 9.577707215E+00 9.151075406E+00
 8.690481920E+00 8.198698917E+00 7.679929438E+00 7.140478613E+00 6.589729869E+00
 6.041422127E+00 5.514735796E+00 5.033354262E+00 4.619620102E+00 4.285324317E+00
 4.028479307E+00 3.839470779E+00 3.708159202E+00 3.626626381E+00 3.589001908E+00
 3.590551831E+00 3.626942076E+00 3.693854502E+00 3.786891906E+00 3.901656205E+00
 4.033895583E+00 4.179649167E+00 4.335352465E+00 4.497893410E+00 4.664624535E+00
 4.833343221E+00 5.002252509E+00 5.169912630E+00 5.335190449E+00 5.497211193E+00
 5.655314830E+00 5.809018014E+00 5.957981693E+00 6.101983981E+00 6.240897705E+00
 6.374671963E+00 6.503317046E+00 6.626892156E+00 6.745495401E+00 6.859255651E+00
 6.968325899E+00 7.072877835E+00 7.173097392E+00 7.269181066E+00 7.361332867E+00
 7.449761755E+00 7.534679462E+00 7.616298624E+00 7.694831126E+00 7.770486639E+00
 7.843471261E+00 7.913986252E+00 7.982226802E+00 8.048380818E+00 8.112627701E+00
 8.175137074E+00 8.236067454E+00 8.295564834E+00 8.353761163E+00 8.410772683E+00
 8.466698127E+00 8.521616717E+00 8.575585971E+00 8.628639252E+00 8.680783046E+00
 8.731993921E+00 8.782215111E+00 8.831352682E+00 8.879271205E+00 8.925788870E+00
 8.970671947E+00 9.013628505E+00 9.054301268E+00 9.092259487E+00 9.126989690E+00
 9.157885145E+00 9.184233882E+00 9.205205088E+00 9.219833720E+00 9.227003167E+00
 9.225425866E+00 9.213621836E+00 9.189895249E+00 9.152309389E+00 9.098660763E+00
 9.026453728E+00 8.932878017E+00 8.814793145E+00 8.668726192E+00 8.490893552E+00
 8.277263735E+00 8.023688843E+00 7.726149143E+00 7.381181591E+00 6.986602857E+00
 6.542691141E+00 6.054045661E+00 5.532341421E+00 4.999977447E+00 4.493843933E+00
 4.066744714E+00 3.781962379E+00 3.697255384E+00 3.842531626E+00 4.205954302E+00
 4.740308741E+00 5.383717196E+00 6.078915977E+00 6.782572304E+00 7.466159123E+00
 8.113004110E+00 8.714694255E+00 9.268115843E+00 9.773358522E+00 1.023233770E+01
 1.064792608E+01 1.102342134E+01 1.136222805E+01 1.173863829E+01 1.164720744E+01
 1.151673029E+01 1.134698703E+01 1.113771589E+01 1.088863400E+01 1.059946649E+01
 1.026998633E+01 9.900069453E+00 9.489771465E+00 9.039436920E+00 8.549859758E+00
 8.022529452E+00 7.460031343E+00 6.866748103E+00 6.250202585E+00 5.623871725E+00
 5.013307775E+00 4.466357033E+00 4.047706190E+00 3.781451357E+00 3.629435476E+00
 3.548903955E+00 3.515838202E+00 3.518309622E+00 3.549976074E+00 3.606904053E+00
 3.686114714E+00 3.784929593E+00 3.900710302E+00 4.030799149E+00 4.172555797E+00
 4.323428746E+00 4.481026959E+00 4.643174795E+00 4.807944953E+00 4.973670770E+00
 5.138942249E+00 5.302590915E+00 5.463668077E+00 5.621420077E+00 5.775263041E+00
 5.924758719E+00 6.069592342E+00 6.209552870E+00 6.344515770E+00 6.474428183E+00
 6.599296306E+00 6.719174738E+00 6.834157517E+00 6.944370623E+00 7.049965706E+00
 7.151114842E+00 7.248006147E+00 7.340840094E+00 7.429826407E+00 7.515181424E+00
 7.597125833E+00 7.675882711E+00 7.751675794E+00 7.824727923E+00 7.895259620E+00
 7.963487748E+00 8.029624229E+00 8.093874770E+00 8.156437590E+00 8.217502102E+00
 8.277247537E+00 8.335841482E+00 8.393438305E+00 8.450177444E+00 8.506181543E+00
 8.561554383E+00 8.616378602E+00 8.670713152E+00 8.724590446E+00 8.778013167E+00
 8.830950656E+00 8.883334822E+00 8.935055499E+00 8.985955128E+00 9.035822680E+00
 9.084386652E+00 9.131306995E+00 9.176165766E+00 9.218456279E+00 9.257570486E+00
 9.292784270E+00 9.323240283E+00 9.347927897E+00 9.365659776E+00 9.375044527E+00
 9.374454791E+00 9.361990128E+00 9.335434008E+00 9.292204253E+00 9.229296450E+00
 9.143220166E+00 9.029928513E+00 8.884742930E+00 8.702277554E+00 8.476372228E+00
 8.200052057E+00 7.865548350E+00 7.464448723E+00 6.988108584E+00 6.428582643E+00
 5.780577300E+00 5.045356687E+00 4.238155719E+00 3.400911868E+00 2.619456751E+00
 2.032668363E+00 1.801406666E+00 2.020309262E+00 2.645855707E+00 3.533438341E+00
 4.531984700E+00 5.536523647E+00 6.489780175E+00 7.366398529E+00 8.158802042E+00
 8.868337656E+00 9.500417367E+00 1.006200736E+01 1.056037777E+01 1.100250698E+01
 1.139482157E+01 1.174310708E+01 1.173695876E+01 1.164316068E+01 1.150917125E+01
 1.133461567E+01 1.111901810E+01 1.086181076E+01 1.056234587E+01 1.021991127E+01
 9.833750125E+00 9.403085887E+00 8.927153515E+00 8.405238489E+00 7.836726067E+00
 7.221165420E+00 6.558359902E+00 5.848516779E+00 5.092582236E+00 4.293593879E+00
 3.476133400E+00 2.974611524E+00 2.980830949E+00 3.054924533E+00 3.140966999E+00
 3.235832864E+00 3.339359123E+00 3.451769597E+00 3.573188784E+00 3.703470973E+00
 3.842148415E+00 3.988445802E+00 4.141334736E+00 4.299608854E+00 4.461964190E+00
 4.627073565E+00 4.793648213E+00 4.960483817E+00 5.126491042E+00 5.290712487E+00
 5.452328826E+00 5.610656999E+00 5.765143079E+00 5.915351909E+00 6.060955140E+00
 6.201718797E+00 6.337491130E+00 6.468191225E+00 6.593798604E+00 6.714343926E+00
 6.829900799E+00 6.940578643E+00 7.046516515E+00 7.147877810E+00 7.244845711E+00
 7.337619306E+00 7.426410264E+00 7.511439982E+00 7.592937130E+00 7.671135515E+00
 7.746272215E+00 7.818585911E+00 7.888315382E+00 7.955698119E+00 8.020969016E+00
 8.084359099E+00 8.146094283E+00 8.206394106E+00 8.265470428E+00 8.323526066E+00
 8.380753342E+00 8.437332519E+00 8.493430102E+00 8.549196974E+00 8.604766341E+00
 8.660251454E+00 8.715743062E+00 8.771306560E+00 8.826978776E+00 8.882764329E+00
 8.938631482E+00 8.994507405E+00 9.050272715E+00 9.105755179E+00 9.160722387E+00
 9.214873208E+00 9.267827773E+00 9.319115675E+00 9.368162026E+00 9.414270913E+00
 9.456605695E+00 9.494165480E+00 9.525756947E+00 9.549960513E+00 9.565089598E+00
 9.569141495E+00 9.559737969E+00 9.534053312E+00 9.488727031E+00 9.419757697E+00
 9.322373614E+00 9.190874953E+00 9.018440667E+00 8.796892034E+00 8.516403330E+00
 8.165150120E+00 7.728890717E+00 7.190497418E+00 6.529523200E+00 5.722100652E+00
 4.742102763E+00 3.566383961E+00 2.192385912E+00 6.898100986E-01-6.808374493E-01
-1.369551195E+00-9.110069216E-01 4.459568724E-01 2.110375366E+00 3.725055080E+00
 5.168827322E+00 6.423511994E+00 7.504123369E+00 8.433365125E+00 9.233482571E+00
 9.924048041E+00 1.052166610E+01 1.104024827E+01 1.149141213E+01 1.188486513E+01
 1.222873669E+01 1.173561463E+01 1.163990261E+01 1.150303479E+01 1.132446814E+01
 1.110349438E+01 1.083923631E+01 1.053064147E+01 1.017647175E+01 9.775285916E+00
 9.325410351E+00 8.824888990E+00 8.271396191E+00 7.662080419E+00 6.993272641E+00
 6.259912931E+00 5.454342971E+00 4.563549286E+00 3.562795036E+00 2.426370817E+00
 1.809959554E+00 2.151759135E+00 2.465940469E+00 2.721274241E+00 2.944116938E+00
 3.148328594E+00 3.341521831E+00 3.528204377E+00 3.711138495E+00 3.891989137E+00
 4.071674792E+00 4.250585314E+00 4.428734828E+00 4.605878318E+00 4.781603833E+00
 4.955405454E+00 5.126739721E+00 5.295067588E+00 5.459883967E+00 5.620737024E+00
 5.777239344E+00 5.929072935E+00 6.075989779E+00 6.217809357E+00 6.354414241E+00
 6.485744600E+00 6.611792233E+00 6.732594528E+00 6.848228636E+00 6.958806022E+00
 7.064467468E+00 7.165378589E+00 7.261725827E+00 7.353712932E+00 7.441557860E+00
 7.525490074E+00 7.605748170E+00 7.682577807E+00 7.756229874E+00 7.826958863E+00
 7.895021404E+00 7.960674920E+00 8.024176372E+00 8.085781071E+00 8.145741507E+00
 8.204306189E+00 8.261718463E+00 8.318215282E+00 8.374025912E+00 8.429370546E+00
 8.484458814E+00 8.539488148E+00 8.594642003E+00 8.650087878E+00 8.705975137E+00
 8.762432569E+00 8.819565651E+00 8.877453475E+00 8.936145251E+00 8.995656336E+00
 9.055963667E+00 9.117000492E+00 9.178650253E+00 9.240739425E+00 9.303029107E+00
 9.365205050E+00 9.426865807E+00 9.487508546E+00 9.546511984E+00 9.603115777E+00
 9.656395490E+00 9.705232091E+00 9.748274599E+00 9.783894167E+00 9.810127388E+00
 9.824606008E+00 9.824469354E+00 9.806254683E+00 9.765759052E+00 9.697864053E+00
 9.596311431E+00 9.453412492E+00 9.259666036E+00 9.003245986E+00 8.669296283E+00
 8.238928082E+00 7.687734605E+00 6.983484236E+00 6.082341276E+00 4.922320796E+00
 3.411368360E+00 1.405283847E+00-1.325971929E+00-5.033747850E+00-8.401901989E+00
-6.285091800E+00-2.188667167E+00 1.025756893E+00 3.448448755E+00 5.328563813E+00
 6.827372346E+00 8.046095019E+00 9.051460991E+00 9.889818859E+00 1.059478796E+01
 1.119158702E+01 1.169961853E+01 1.213409730E+01 1.250712931E+01 1.282845829E+01
 1.173473985E+01 1.163775764E+01 1.149893166E+01 1.131755494E+01 1.109269422E+01
 1.082317540E+01 1.050756247E+01 1.014412687E+01 9.730803037E+00 9.265123008E+00
 8.744118659E+00 8.164172912E+00 7.520788261E+00 6.808219694E+00 6.018886395E+00
 5.142444778E+00 4.164462518E+00 3.065303787E+00 1.836559755E+00 1.186666609E+00
 1.620033359E+00 2.038704404E+00 2.399548737E+00 2.716893717E+00 3.002388508E+00
 3.264367699E+00 3.508694513E+00 3.739502084E+00 3.959706291E+00 4.171346781E+00
 4.375819555E+00 4.574043384E+00 4.766584673E+00 4.953754325E+00 5.135684083E+00
 5.312386653E+00 5.483802453E+00 5.649835157E+00 5.810377904E+00 5.965331857E+00
 6.114618661E+00 6.258188147E+00 6.396022453E+00 6.528137541E+00 6.654582882E+00
 6.775439924E+00 6.890819812E+00 7.000860695E+00 7.105724865E+00 7.205595901E+00
 7.300675918E+00 7.391182985E+00 7.477348757E+00 7.559416320E+00 7.637638253E+00
 7.712274886E+00 7.783592741E+00 7.851863130E+00 7.917360883E+00 7.980363178E+00
 8.041148452E+00 8.099995370E+00 8.157181814E+00 8.212983892E+00 8.267674919E+00
 8.321524374E+00 8.374796800E+00 8.427750629E+00 8.480636916E+00 8.533697971E+00
 8.587165857E+00 8.641260740E+00 8.696189082E+00 8.752141624E+00 8.809291161E+00
 8.867790050E+00 8.927767417E+00 8.989326000E+00 9.052538572E+00 9.117443841E+00
 9.184041715E+00 9.252287807E+00 9.322086987E+00 9.393285770E+00 9.465663242E+00
 9.538920195E+00 9.612665999E+00 9.686402658E+00 9.759505324E+00 9.831198352E+00
 9.900525716E+00 9.966314286E+00 1.002712800E+01 1.008121040E+01 1.012641224E+01
 1.016009981E+01 1.017903816E+01 1.017924158E+01 1.015578069E+01 1.010253179E+01
 1.001184754E+01 9.874119060E+00 9.677183135E+00 9.405500846E+00 9.038982560E+00
 8.551233844E+00 7.906788592E+00 7.056434442E+00 5.928633118E+00 4.412131845E+00
 2.316151782E+00-7.361039434E-01-5.642662548E+00-1.330929110E+01-7.831822054E+00
-1.787930193E+00 1.933526525E+00 4.520540928E+00 6.449396391E+00 7.946644164E+00
 9.138500455E+00 1.010353488E+01 1.089459504E+01 1.154919751E+01 1.209499484E+01
 1.255291484E+01 1.293910102E+01 1.326618711E+01 1.354417502E+01 1.173446600E+01
 1.163704387E+01 1.149745892E+01 1.131485977E+01 1.108811740E+01 1.081580365E+01
 1.049616134E+01 1.012706288E+01 9.705953639E+00 9.229774553E+00 8.694856519E+00
 8.096777181E+00 7.430169068E+00 6.688470264E+00 5.863622563E+00 4.945766751E+00
 3.923094164E+00 2.782202551E+00 1.509932696E+00 8.223046694E-01 1.333382842E+00
 1.801018486E+00 2.220485395E+00 2.598187306E+00 2.940829325E+00 3.254450192E+00
 3.544105925E+00 3.813876067E+00 4.066984601E+00 4.305943427E+00 4.532685984E+00
 4.748682771E+00 4.955038712E+00 5.152574407E+00 5.341893443E+00 5.523437630E+00
 5.697531784E+00 5.864419453E+00 6.024290876E+00 6.177304408E+00 6.323602499E+00
 6.463323267E+00 6.596608557E+00 6.723609265E+00 6.844488589E+00 6.959423745E+00
 7.068606570E+00 7.172243371E+00 7.270554260E+00 7.363772177E+00 7.452141745E+00
 7.535918051E+00 7.615365427E+00 7.690756261E+00 7.762369879E+00 7.830491497E+00
 7.895411247E+00 7.957423272E+00 8.016824887E+00 8.073915771E+00 8.128997204E+00
 8.182371308E+00 8.234340294E+00 8.285205678E+00 8.335267474E+00 8.384823329E+00
 8.434167593E+00 8.483590310E+00 8.533376116E+00 8.583803032E+00 8.635141136E+00
 8.687651106E+00 8.741582620E+00 8.797172595E+00 8.854643243E+00 8.914199934E+00
 8.976028813E+00 9.040294157E+00 9.107135394E+00 9.176663736E+00 9.248958318E+00
 9.324061748E+00 9.401974901E+00 9.482650779E+00 9.565987186E+00 9.651817921E+00
 9.739902066E+00 9.829910895E+00 9.921411715E+00 1.001384782E+01 1.010651346E+01
 1.019852243E+01 1.028876840E+01 1.037587459E+01 1.045812976E+01 1.053340614E+01
 1.059905409E+01 1.065176616E+01 1.068740115E+01 1.070075568E+01 1.068526695E+01
 1.063262538E+01 1.053226955E+01 1.037072869E+01 1.013077030E+01 9.790306935E+00
 9.321031835E+00 8.686844290E+00 7.842506626E+00 6.734472444E+00 5.311712461E+00
 3.576842443E+00 1.773150565E+00 7.490788165E-01 1.449504107E+00 3.334613023E+00
 5.375463142E+00 7.162543293E+00 8.637788150E+00 9.837376584E+00 1.081136197E+01
 1.160457997E+01 1.225355355E+01 1.278718917E+01 1.322816190E+01 1.359422969E+01
 1.389932256E+01 1.415440682E+01 1.436815898E+01 1.173491092E+01 1.163804496E+01
 1.149914582E+01 1.131724758E+01 1.109106869E+01 1.081898794E+01 1.049901164E+01
 1.012873014E+01 9.705260974E+00 9.225175675E+00 8.684407918E+00 8.078141980E+00
 7.400685537E+00 6.645340971E+00 5.804308958E+00 4.868689503E+00 3.828681033E+00
 2.673901531E+00 1.378439054E+00 6.468707598E-01 1.240297633E+00 1.735966163E+00
 2.189488377E+00 2.604282439E+00 2.984074473E+00 3.332907288E+00 3.654677633E+00
 3.952894062E+00 4.230587479E+00 4.490308096E+00 4.734164766E+00 4.963881299E+00
 5.180856367E+00 5.386220522E+00 5.580887475E+00 5.765598699E+00 5.940961286E+00
 6.107479468E+00 6.265580412E+00 6.415634969E+00 6.557974095E+00 6.692901607E+00
 6.820703925E+00 6.941657342E+00 7.056033340E+00 7.164102361E+00 7.266136393E+00
 7.362410658E+00 7.453204636E+00 7.538802607E+00 7.619493861E+00 7.695572666E+00
 7.767338094E+00 7.835093752E+00 7.899147451E+00 7.959810857E+00 8.017399117E+00
 8.072230486E+00 8.124625943E+00 8.174908801E+00 8.223404294E+00 8.270439146E+00
 8.316341099E+00 8.361438398E+00 8.406059208E+00 8.450530977E+00 8.495179703E+00
 8.540329124E+00 8.586299802E+00 8.633408107E+00 8.681965098E+00 8.732275274E+00
 8.784635230E+00 8.839332182E+00 8.896642371E+00 8.956829339E+00 9.020142067E+00
 9.086812951E+00 9.157055596E+00 9.231062389E+00 9.309001787E+00 9.391015268E+00
 9.477213822E+00 9.567673867E+00 9.662432418E+00 9.761481285E+00 9.864760008E+00
 9.972147178E+00 1.008344963E+01 1.019838891E+01 1.031658419E+01 1.043753054E+01
 1.056057125E+01 1.068486218E+01 1.080932603E+01 1.093259302E+01 1.105292425E+01
 1.116811213E+01 1.127535140E+01 1.137107250E+01 1.145072789E+01 1.150852208E+01
 1.153707973E+01 1.152705763E+01 1.146673690E+01 1.134170146E+01 1.113486301E+01
 1.082742284E+01 1.040203794E+01 9.850733199E+00 9.191892268E+00 8.500204459E+00
 7.938456491E+00 7.733870175E+00 8.033679859E+00 8.764877651E+00 9.709917200E+00
 1.067583494E+01 1.155763918E+01 1.231798741E+01 1.295490452E+01 1.348095398E+01
 1.391280515E+01 1.426670292E+01 1.455681796E+01 1.479488941E+01 1.499039432E+01
 1.515089208E+01 1.528239102E+01 1.173617040E+01 1.164099016E+01 1.150441627E+01
 1.132540270E+01 1.110256426E+01 1.083415339E+01 1.051802929E+01 1.015161804E+01
 9.731862048E+00 9.255157395E+00 8.717278499E+00 8.113291634E+00 7.437463687E+00
 6.683181536E+00 5.842912636E+00 4.908258904E+00 3.870173764E+00 2.719111423E+00
 1.419945252E+00 6.607223455E-01 1.316324526E+00 1.829959805E+00 2.303530866E+00
 2.739775430E+00 3.141319722E+00 3.511261901E+00 3.852774723E+00 4.168862755E+00
 4.462243681E+00 4.735307786E+00 4.990121356E+00 5.228452058E+00 5.451803507E+00
 5.661452013E+00 5.858481951E+00 6.043818055E+00 6.218253990E+00 6.382477080E+00
 6.537089345E+00 6.682625151E+00 6.819565823E+00 6.948351603E+00 7.069391325E+00
 7.183070158E+00 7.289755736E+00 7.389802965E+00 7.483557764E+00 7.571359936E+00
 7.653545371E+00 7.730447716E+00 7.802399632E+00 7.869733747E+00 7.932783367E+00
 7.991883006E+00 8.047368791E+00 8.099578754E+00 8.148853042E+00 8.195534069E+00
 8.239966597E+00 8.282497767E+00 8.323477070E+00 8.363256252E+00 8.402189159E+00
 8.440631504E+00 8.478940546E+00 8.517474690E+00 8.556592980E+00 8.596654494E+00
 8.638017636E+00 8.681039321E+00 8.726074052E+00 8.773472908E+00 8.823582441E+00
 8.876743500E+00 8.933289996E+00 8.993547617E+00 9.057832519E+00 9.126449993E+00
 9.199693117E+00 9.277841400E+00 9.361159401E+00 9.449895308E+00 9.544279445E+00
 9.644522652E+00 9.750814475E+00 9.863321064E+00 9.982182646E+00 1.010751041E+01
 1.023938257E+01 1.037783928E+01 1.052287607E+01 1.067443519E+01 1.083239424E+01
 1.099655107E+01 1.116660382E+01 1.134212439E+01 1.152252321E+01 1.170700244E+01
 1.189449423E+01 1.208357941E+01 1.227238212E+01 1.245843593E+01 1.263852043E+01
 1.280847623E+01 1.296302838E+01 1.309569556E+01 1.319895550E+01 1.326500197E+01
 1.328766203E+01 1.326621000E+01 1.321139711E+01 1.315190164E+01 1.313495357E+01
 1.321226098E+01 1.341239688E+01 1.372146138E+01 1.409263977E+01 1.447382220E+01
 1.482773968E+01 1.513604227E+01 1.539430622E+01 1.560567384E+01 1.577629569E+01
 1.591281139E+01 1.602122200E+01 1.610652879E+01 1.617273389E+01 1.622298246E+01
 1.625973928E+01 1.173831399E+01 1.164604435E+01 1.151357101E+01 1.133980176E+01
 1.112329488E+01 1.086223940E+01 1.055442932E+01 1.019723097E+01 9.787542230E+00
 9.321742202E+00 8.795629771E+00 8.204349364E+00 7.542302942E+00 6.803049603E+00
 5.979201769E+00 5.062348361E+00 4.043082703E+00 2.911017473E+00 1.631514165E+00
 8.949927863E-01 1.554517945E+00 2.078588898E+00 2.561345645E+00 3.006306824E+00
 3.416525781E+00 3.795119090E+00 4.145027850E+00 4.468931559E+00 4.769232567E+00
 5.048067359E+00 5.307327305E+00 5.548682306E+00 5.773604767E+00 5.983392794E+00
 6.179192053E+00 6.362016015E+00 6.532764440E+00 6.692240030E+00 6.841163276E+00
 6.980185530E+00 7.109900420E+00 7.230853699E+00 7.343551680E+00 7.448468410E+00
 7.546051708E+00 7.636728237E+00 7.720907741E+00 7.798986572E+00 7.871350617E+00
 7.938377741E+00 8.000439821E+00 8.057904446E+00 8.111136349E+00 8.160498616E+00
 8.206353712E+00 8.249064360E+00 8.288994294E+00 8.326508890E+00 8.361975712E+00
 8.395764954E+00 8.428249791E+00 8.459806642E+00 8.490815334E+00 8.521659166E+00
 8.552724866E+00 8.584402439E+00 8.617084892E+00 8.651167844E+00 8.687049012E+00
 8.725127588E+00 8.765803502E+00 8.809476606E+00 8.856545788E+00 8.907408048E+00
 8.962457591E+00 9.022084940E+00 9.086676156E+00 9.156612169E+00 9.232268300E+00
 9.314013986E+00 9.402212778E+00 9.497222636E+00 9.599396562E+00 9.709083626E+00
 9.826630406E+00 9.952382905E+00 1.008668898E+01 1.022990133E+01 1.038238117E+01
 1.054450257E+01 1.071665763E+01 1.089926260E+01 1.109276508E+01 1.129765236E+01
 1.151446132E+01 1.174378972E+01 1.198630933E+01 1.224278063E+01 1.251406898E+01
 1.280116110E+01 1.310517988E+01 1.342739277E+01 1.376920438E+01 1.413211571E+01
 1.451761603E+01 1.492694677E+01 1.536063167E+01 1.581760734E+01 1.629373741E+01
 1.677956108E+01 1.725756782E+01 1.770044838E+01 1.807337725E+01 1.834319159E+01
 1.849213311E+01 1.852658675E+01 1.847299176E+01 1.836487343E+01 1.823136889E+01
 1.809248917E+01 1.795961486E+01 1.783795135E+01 1.772893593E+01 1.763196562E+01
 1.754547209E+01 1.746753927E+01 1.739623971E+01 1.732980862E+01 1.726672620E+01
 1.174138464E+01 1.165330768E+01 1.152678829E+01 1.136071753E+01 1.115363732E+01
 1.090372573E+01 1.060877840E+01 1.026618569E+01 9.872904911E+00 9.425425923E+00
 8.919727323E+00 8.351217374E+00 7.714648253E+00 7.003981673E+00 6.212166199E+00
 5.330766221E+00 4.349401052E+00 3.255044618E+00 2.020827456E+00 1.350750054E+00
 1.962345212E+00 2.486084362E+00 2.964656427E+00 3.404533881E+00 3.810429538E+00
 4.185891081E+00 4.533683972E+00 4.856090182E+00 5.155085833E+00 5.432436345E+00
 5.689745432E+00 5.928480608E+00 6.149987661E+00 6.355500407E+00 6.546148795E+00
 6.722966666E+00 6.886899607E+00 7.038812955E+00 7.179499822E+00 7.309688969E+00
 7.430052357E+00 7.541212269E+00 7.643747894E+00 7.738201339E+00 7.825083052E+00
 7.904876669E+00 7.978043312E+00 8.045025383E+00 8.106249900E+00 8.162131425E+00
 8.213074636E+00 8.259476589E+00 8.301728701E+00 8.340218518E+00 8.375331262E+00
 8.407451222E+00 8.436962977E+00 8.464252487E+00 8.489708059E+00 8.513721191E+00
 8.536687298E+00 8.559006326E+00 8.581083240E+00 8.603328401E+00 8.626157795E+00
 8.649993143E+00 8.675261861E+00 8.702396870E+00 8.731836271E+00 8.764022870E+00
 8.799403593E+00 8.838428793E+00 8.881551506E+00 8.929226694E+00 8.981910553E+00
 9.040059927E+00 9.104131938E+00 9.174583884E+00 9.251873514E+00 9.336459741E+00
 9.428803920E+00 9.529371759E+00 9.638635996E+00 9.757079968E+00 9.885202206E+00
 1.002352225E+01 1.017258791E+01 1.033298422E+01 1.050534449E+01 1.069036388E+01
 1.088881605E+01 1.110157366E+01 1.132963381E+01 1.157414943E+01 1.183646848E+01
 1.211818286E+01 1.242118978E+01 1.274776856E+01 1.310067670E+01 1.348326891E+01
 1.389964233E+01 1.435480757E+01 1.485487763E+01 1.540724695E+01 1.602069200E+01
 1.670523844E+01 1.747146918E+01 1.832862845E+01 1.928034492E+01 2.031614255E+01
 2.139695805E+01 2.243659950E+01 2.329381436E+01 2.380680221E+01 2.388133352E+01
 2.355959100E+01 2.298506154E+01 2.230980933E+01 2.163885148E+01 2.102614656E+01
 2.049104625E+01 2.003427582E+01 1.964821344E+01 1.932242905E+01 1.904634260E+01
 1.881035195E+01 1.860621176E+01 1.842707126E+01 1.826737032E+01 1.174540138E+01
 1.166282268E+01 1.154413854E+01 1.138824600E+01 1.119370060E+01 1.095870714E+01
 1.068110920E+01 1.035837770E+01 9.987599124E+00 9.565462972E+00 9.088247472E+00
 8.551799252E+00 7.951496318E+00 7.282167895E+00 6.537905243E+00 5.711590555E+00
 4.793662875E+00 3.768908743E+00 2.615011013E+00 2.023119409E+00 2.564092235E+00
 3.061632497E+00 3.513594525E+00 3.931099872E+00 4.319234105E+00 4.680635589E+00
 5.017027459E+00 5.329798372E+00 5.620222249E+00 5.889535672E+00 6.138957410E+00
 6.369685252E+00 6.582885507E+00 6.779681897E+00 6.961146579E+00 7.128294130E+00
 7.282078468E+00 7.423392267E+00 7.553068357E+00 7.671882556E+00 7.780557475E+00
 7.879766907E+00 7.970140497E+00 8.052268471E+00 8.126706262E+00 8.193978938E+00
 8.254585345E+00 8.309001966E+00 8.357686449E+00 8.401080842E+00 8.439614528E+00
 8.473706892E+00 8.503769736E+00 8.530209475E+00 8.553429133E+00 8.573830148E+00
 8.591814023E+00 8.607783821E+00 8.622145523E+00 8.635309247E+00 8.647690343E+00
 8.659710346E+00 8.671797804E+00 8.684388952E+00 8.697928248E+00 8.712868730E+00
 8.729672217E+00 8.748809321E+00 8.770759274E+00 8.796009572E+00 8.825055449E+00
 8.858399225E+00 8.896549569E+00 8.940020757E+00 8.989332014E+00 9.045007051E+00
 9.107573904E+00 9.177565195E+00 9.255518943E+00 9.341980055E+00 9.437502629E+00
 9.542653231E+00 9.658015316E+00 9.784194982E+00 9.921828298E+00 1.007159050E+01
 1.023420742E+01 1.041046956E+01 1.060124946E+01 1.080752307E+01 1.103039610E+01
 1.127113662E+01 1.153121559E+01 1.181235746E+01 1.211660371E+01 1.244639302E+01
 1.280466312E+01 1.319498053E+01 1.362170657E+01 1.409021037E+01 1.460714166E+01
 1.518077906E+01 1.582146986E+01 1.654217304E+01 1.735910043E+01 1.829240023E+01
 1.936669463E+01 2.061093650E+01 2.205613860E+01 2.372711684E+01 2.561830191E+01
 2.763181191E+01 2.945823400E+01 3.051878068E+01 3.036030017E+01 2.921859425E+01
 2.769296626E+01 2.618766207E+01 2.485897801E+01 2.373755715E+01 2.280765653E+01
 2.204064842E+01 2.140724593E+01 2.088142905E+01 2.044131393E+01 2.006896265E+01
 1.974988386E+01 1.947249648E+01 1.922764351E+01 1.175036390E+01 1.167458582E+01
 1.156560760E+01 1.142234768E+01 1.124339396E+01 1.102699926E+01 1.077107779E+01
 1.047320437E+01 1.013061840E+01 9.740235510E+00 9.298670444E+00 8.802276032E+00
 8.247205125E+00 7.629506570E+00 6.945277347E+00 6.190926397E+00 5.363726349E+00
 4.463407160E+00 3.505246982E+00 3.022173800E+00 3.388753055E+00 3.795396445E+00
 4.191882587E+00 4.571700254E+00 4.932049377E+00 5.271591647E+00 5.589808075E+00
 5.886716472E+00 6.162707349E+00 6.418430740E+00 6.654711457E+00 6.872483910E+00
 7.072742105E+00 7.256501998E+00 7.424773953E+00 7.578543387E+00 7.718757933E+00
 7.846319656E+00 7.962081104E+00 8.066844191E+00 8.161361109E+00 8.246336613E+00
 8.322431209E+00 8.390264879E+00 8.450421056E+00 8.503450677E+00 8.549876171E+00
 8.590195309E+00 8.624884848E+00 8.654403956E+00 8.679197413E+00 8.699698566E+00
 8.716332080E+00 8.729516471E+00 8.739666456E+00 8.747195121E+00 8.752515930E+00
 8.756044585E+00 8.758200734E+00 8.759409555E+00 8.760103196E+00 8.760722075E+00
 8.761716040E+00 8.763545373E+00 8.766681620E+00 8.771608239E+00 8.778821042E+00
 8.788828408E+00 8.802151259E+00 8.819322782E+00 8.840887835E+00 8.867402236E+00
 8.899431832E+00 8.937551534E+00 8.982344441E+00 9.034401216E+00 9.094319843E+00
 9.162705958E+00 9.240173881E+00 9.327348546E+00 9.424868484E+00 9.533390058E+00
 9.653593152E+00 9.786188570E+00 9.931927410E+00 1.009161279E+01 1.026611434E+01
 1.045638606E+01 1.066348816E+01 1.088861396E+01 1.113312285E+01 1.139858103E+01
 1.168681198E+01 1.199995935E+01 1.234056586E+01 1.271167299E+01 1.311694775E+01
 1.356084531E+01 1.404881922E+01 1.458759597E+01 1.518553686E+01 1.585312122E+01
 1.660360079E+01 1.745390221E+01 1.842590026E+01 1.954826658E+01 2.085924922E+01
 2.241102050E+01 2.427673573E+01 2.656214421E+01 2.942284698E+01 3.307010928E+01
 3.757022001E+01 4.117826130E+01 3.956845183E+01 3.554357717E+01 3.211839867E+01
 2.950401647E+01 2.749897896E+01 2.593433186E+01 2.469360439E+01 2.369619228E+01
 2.288449604E+01 2.221602739E+01 2.165864096E+01 2.118758210E+01 2.078359653E+01
 2.043167241E+01 2.012016151E+01 1.175625747E+01 1.168856000E+01 1.159112191E+01
 1.146289241E+01 1.130250132E+01 1.110825651E+01 1.087814401E+01 1.060983310E+01
 1.030069014E+01 9.947806333E+00 9.548047442E+00 9.098137771E+00 8.594798964E+00
 8.034981231E+00 7.416263038E+00 6.737588017E+00 6.000721085E+00 5.212923971E+00
 4.383990753E+00 3.936841163E+00 4.265167267E+00 4.606475121E+00 4.955997805E+00
 5.300585330E+00 5.632678714E+00 5.948192667E+00 6.244995509E+00 6.522127007E+00
 6.779369791E+00 7.016990648E+00 7.235571734E+00 7.435894826E+00 7.618859892E+00
 7.785427432E+00 7.936577922E+00 8.073283857E+00 8.196491120E+00 8.307107248E+00
 8.405994741E+00 8.493968036E+00 8.571793059E+00 8.640188574E+00 8.699828716E+00
 8.751346278E+00 8.795336427E+00 8.832360612E+00 8.862950523E+00 8.887611979E+00
 8.906828680E+00 8.921065788E+00 8.930773321E+00 8.936389331E+00 8.938342908E+00
 8.937056975E+00 8.932950927E+00 8.926443089E+00 8.917953039E+00 8.907903780E+00
 8.896723783E+00 8.884848898E+00 8.872724140E+00 8.860805335E+00 8.849560633E+00
 8.839471851E+00 8.831035645E+00 8.824764477E+00 8.821187339E+00 8.820850202E+00
 8.824316140E+00 8.832165323E+00 8.844993789E+00 8.863412969E+00 8.888048085E+00
 8.919536619E+00 8.958526868E+00 9.005676775E+00 9.061653217E+00 9.127132002E+00
 9.202798745E+00 9.289350811E+00 9.387500535E+00 9.497979921E+00 9.621547043E+00
 9.758994396E+00 9.911159498E+00 1.007893810E+01 1.026330044E+01 1.046531116E+01
 1.068615347E+01 1.092715869E+01 1.118984212E+01 1.147594708E+01 1.178749879E+01
 1.212687113E+01 1.249686953E+01 1.290083479E+01 1.334277421E+01 1.382752872E+01
 1.436098819E+01 1.495037214E+01 1.560460149E+01 1.633479953E+01 1.715498300E+01
 1.808304244E+01 1.914218377E+01 2.036314330E+01 2.178778039E+01 2.347529827E+01
 2.551391070E+01 2.804502819E+01 3.132055177E+01 3.586756497E+01 4.313670757E+01
 5.856769178E+01 4.732739521E+01 3.899513542E+01 3.436974761E+01 3.127639975E+01
 2.902400693E+01 2.730534839E+01 2.595509492E+01 2.487248292E+01 2.399047661E+01
 2.326155537E+01 2.265047221E+01 2.213029455E+01 2.168012554E+01 2.128372596E+01
 2.092861525E+01 1.176305669E+01 1.170468438E+01 1.162056831E+01 1.150969557E+01
 1.137074315E+01 1.120207388E+01 1.100173474E+01 1.076746006E+01 1.049668377E+01
 1.018656650E+01 9.834046109E+00 9.435924145E+00 8.989005916E+00 8.490318366E+00
 7.937434376E+00 7.328918411E+00 6.664820095E+00 5.946914587E+00 5.183274630E+00
 4.796732591E+00 5.106730423E+00 5.441990088E+00 5.774606884E+00 6.098447228E+00
 6.408716224E+00 6.702157306E+00 6.976855225E+00 7.231905085E+00 7.467117653E+00
 7.682792104E+00 7.879548874E+00 8.058209187E+00 8.219709380E+00 8.365040822E+00
 8.495208562E+00 8.611203580E+00 8.713984895E+00 8.804468743E+00 8.883522792E+00
 8.951963892E+00 9.010558276E+00 9.060023398E+00 9.101030851E+00 9.134209930E+00
 9.160151570E+00 9.179412425E+00 9.192518976E+00 9.199971551E+00 9.202248217E+00
 9.199808502E+00 9.193096940E+00 9.182546418E+00 9.168581358E+00 9.151620723E+00
 9.132080860E+00 9.110378211E+00 9.086931881E+00 9.062166093E+00 9.036512526E+00
 9.010412546E+00 8.984319330E+00 8.958699868E+00 8.934036845E+00 8.910830380E+00
 8.889599582E+00 8.870883911E+00 8.855244274E+00 8.843263809E+00 8.835548285E+00
 8.832726022E+00 8.835447139E+00 8.844382015E+00 8.860218919E+00 8.883661361E+00
 8.915425563E+00 8.956238279E+00 9.006835059E+00 9.067959454E+00 9.140363307E+00
 9.224808216E+00 9.322068518E+00 9.432935937E+00 9.558226105E+00 9.698787181E+00
 9.855510836E+00 1.002934589E+01 1.022131502E+01 1.043253495E+01 1.066424088E+01
 1.091781564E+01 1.119482497E+01 1.149705977E+01 1.182658728E+01 1.218581311E+01
 1.257755689E+01 1.300514516E+01 1.347252610E+01 1.398441237E+01 1.454646055E+01
 1.516549861E+01 1.584981793E+01 1.660955295E+01 1.745718266E+01 1.840820491E+01
 1.948205996E+01 2.070341748E+01 2.210398566E+01 2.372501520E+01 2.562045313E+01
 2.785934767E+01 3.051945965E+01 3.363308940E+01 3.692349056E+01 3.908798468E+01
 3.842979959E+01 3.594503772E+01 3.331818406E+01 3.107408950E+01 2.924140090E+01
 2.775193285E+01 2.653504585E+01 2.553294670E+01 2.470008459E+01 2.400031600E+01
 2.340451962E+01 2.288899939E+01 2.243453694E+01 2.202586599E+01 2.165133412E+01
 1.177072683E+01 1.172287776E+01 1.165380171E+01 1.156253311E+01 1.144780457E+01
 1.130803754E+01 1.114133298E+01 1.094546412E+01 1.071787437E+01 1.045568508E+01
 1.015571968E+01 9.814553329E+00 9.428598939E+00 8.994239693E+00 8.508010400E+00
 7.966806569E+00 7.368056712E+00 6.709896611E+00 6.003324169E+00 5.668126720E+00
 5.978788811E+00 6.322129242E+00 6.651850940E+00 6.964629716E+00 7.258282981E+00
 7.531394746E+00 7.783305114E+00 8.013984234E+00 8.223870765E+00 8.413722231E+00
 8.584494395E+00 8.737251279E+00 8.873101429E+00 8.993154623E+00 9.098493687E+00
 9.190157139E+00 9.269129398E+00 9.336336215E+00 9.392643614E+00 9.438859179E+00
 9.475734837E+00 9.503970568E+00 9.524218645E+00 9.537088130E+00 9.543149436E+00
 9.542938854E+00 9.536962945E+00 9.525702771E+00 9.509617931E+00 9.489150404E+00
 9.464728190E+00 9.436768774E+00 9.405682418E+00 9.371875293E+00 9.335752488E+00
 9.297720885E+00 9.258191944E+00 9.217584387E+00 9.176326808E+00 9.134860202E+00
 9.093640430E+00 9.053140591E+00 9.013853315E+00 8.976292939E+00 8.940997539E+00
 8.908530787E+00 8.879483552E+00 8.854475195E+00 8.834154444E+00 8.819199733E+00
 8.810319195E+00 8.808248122E+00 8.813744438E+00 8.827583908E+00 8.850555941E+00
 8.883460233E+00 8.927102696E+00 8.982293602E+00 9.049847058E+00 9.130581198E+00
 9.225320562E+00 9.334900260E+00 9.460172060E+00 9.602012702E+00 9.761334536E+00
 9.939098709E+00 1.013633117E+01 1.035414179E+01 1.059374704E+01 1.085649662E+01
 1.114390490E+01 1.145768767E+01 1.179980541E+01 1.217251419E+01 1.257842554E+01
 1.302057718E+01 1.350251645E+01 1.402839885E+01 1.460310398E+01 1.523237135E+01
 1.592295763E+01 1.668281449E+01 1.752128083E+01 1.844926969E+01 1.947939977E+01
 2.062595211E+01 2.190437210E+01 2.332966789E+01 2.491221189E+01 2.664762801E+01
 2.849419960E+01 3.032933844E+01 3.189504885E+01 3.282131806E+01 3.286039818E+01
 3.213340660E+01 3.099508526E+01 2.974887745E+01 2.855860574E+01 2.748927844E+01
 2.655593183E+01 2.575175045E+01 2.506123740E+01 2.446592625E+01 2.394687114E+01
 2.348594872E+01 2.306686318E+01 2.267610598E+01 2.230372293E+01 1.177922177E+01
 1.174303377E+01 1.169063604E+01 1.162112708E+01 1.153331444E+01 1.142569726E+01
 1.129644511E+01 1.114337362E+01 1.096391788E+01 1.075510612E+01 1.051353696E+01
 1.023536663E+01 9.916314374E+00 9.551697395E+00 9.136506622E+00 8.665531144E+00
 8.133531474E+00 7.535627829E+00 6.881856780E+00 6.589292863E+00 6.920021679E+00
 7.276092610E+00 7.606925544E+00 7.911059026E+00 8.188478740E+00 8.439781183E+00
 8.666000954E+00 8.868453940E+00 9.048606487E+00 9.207977548E+00 9.348071924E+00
 9.470338541E+00 9.576146938E+00 9.666776120E+00 9.743411348E+00 9.807145774E+00
 9.858984869E+00 9.899852348E+00 9.930596757E+00 9.951998267E+00 9.964775358E+00
 9.969591275E+00 9.967060136E+00 9.957752699E+00 9.942201759E+00 9.920907191E+00
 9.894340664E+00 9.862950058E+00 9.827163590E+00 9.787393707E+00 9.744040758E+00
 9.697496473E+00 9.648147291E+00 9.596377548E+00 9.542572559E+00 9.487121612E+00
 9.430420902E+00 9.372876404E+00 9.314906720E+00 9.256945897E+00 9.199446215E+00
 9.142880966E+00 9.087747180E+00 9.034568317E+00 8.983896865E+00 8.936316824E+00
 8.892445993E+00 8.852938003E+00 8.818483963E+00 8.789814299E+00 8.767701228E+00
 8.752953809E+00 8.746410754E+00 8.748932504E+00 8.761393169E+00 8.784672994E+00
 8.819652273E+00 8.867208849E+00 8.928218179E+00 9.003548491E+00 9.094063730E+00
 9.200626900E+00 9.324104981E+00 9.465376810E+00 9.625342794E+00 9.804937099E+00
 1.000514221E+01 1.022700604E+01 1.047166164E+01 1.074034987E+01 1.103444500E+01
 1.135548371E+01 1.170519763E+01 1.208554950E+01 1.249877327E+01 1.294741774E+01
 1.343439318E+01 1.396301939E+01 1.453707227E+01 1.516082330E+01 1.583906203E+01
 1.657708385E+01 1.738061184E+01 1.825559782E+01 1.920780596E+01 2.024200997E+01
 2.136051413E+01 2.256052360E+01 2.382967115E+01 2.513896949E+01 2.643334506E+01
 2.762336042E+01 2.858887573E+01 2.920970277E+01 2.942046156E+01 2.924846893E+01
 2.879528919E+01 2.818261176E+01 2.751073669E+01 2.684596315E+01 2.622518459E+01
 2.566466456E+01 2.516728111E+01 2.472726576E+01 2.433315836E+01 2.397004999E+01
 2.362203462E+01 2.327520346E+01 2.292053627E+01 1.178847887E+01 1.176500802E+01
 1.173081888E+01 1.168510134E+01 1.162677332E+01 1.155445493E+01 1.146643440E+01
 1.136062401E+01 1.123450459E+01 1.108505674E+01 1.090867808E+01 1.070108808E+01
 1.045722677E+01 1.017116340E+01 9.836046773E+00 9.444150719E+00 8.987089536E+00
 8.456404758E+00 7.855029894E+00 7.597908680E+00 7.966446687E+00 8.334849607E+00
 8.664178327E+00 8.955446109E+00 9.211225163E+00 9.434571730E+00 9.628619793E+00
 9.796347871E+00 9.940469234E+00 1.006339868E+01 1.016726046E+01 1.025391493E+01
 1.032499120E+01 1.038191963E+01 1.042596121E+01 1.045823300E+01 1.047972972E+01
 1.049134186E+01 1.049387081E+01 1.048804159E+01 1.047451360E+01 1.045388981E+01
 1.042672464E+01 1.039353088E+01 1.035478571E+01 1.031093618E+01 1.026240404E+01
 1.020959017E+01 1.015287872E+01 1.009264087E+01 1.002923840E+01 9.963027106E+00
 9.894360058E+00 9.823590719E+00 9.751076044E+00 9.677179511E+00 9.602274133E+00
 9.526745484E+00 9.450994736E+00 9.375441735E+00 9.300528126E+00 9.226720525E+00
 9.154513738E+00 9.084434016E+00 9.017042328E+00 8.952937606E+00 8.892759926E+00
 8.837193528E+00 8.786969591E+00 8.742874283E+00 8.705751792E+00 8.676495918E+00
 8.656039917E+00 8.645345040E+00 8.645388327E+00 8.657150409E+00 8.681604205E+00
 8.719705706E+00 8.772387897E+00 8.840559584E+00 8.925115004E+00 9.026932123E+00
 9.146872878E+00 9.285793628E+00 9.444552275E+00 9.624019831E+00 9.825093158E+00
 1.004870975E+01 1.029586417E+01 1.056762605E+01 1.086515951E+01 1.118974369E+01
 1.154279408E+01 1.192588388E+01 1.234076452E+01 1.278938380E+01 1.327389898E+01
 1.379668129E+01 1.436030564E+01 1.496751664E+01 1.562115671E+01 1.632403480E+01
 1.707870304E+01 1.788709233E+01 1.874993559E+01 1.966588006E+01 2.063016670E+01
 2.163276251E+01 2.265593710E+01 2.367160630E+01 2.463947842E+01 2.550808600E+01
 2.622136267E+01 2.673168294E+01 2.701521616E+01 2.708079137E+01 2.696605308E+01
 2.672384808E+01 2.640760247E+01 2.606194662E+01 2.571929081E+01 2.540002085E+01
 2.511386310E+01 2.486096745E+01 2.463233342E+01 2.441033620E+01 2.417134969E+01
 2.389255184E+01 2.356147716E+01 1.179841212E+01 1.178860042E+01 1.177399578E+01
 1.175391729E+01 1.172744557E+01 1.169339132E+01 1.165025165E+01 1.159615037E+01
 1.152875716E+01 1.144517879E+01 1.134181391E+01 1.121416260E+01 1.105658447E+01
 1.086201016E+01 1.062164041E+01 1.032472782E+01 9.958637668E+00 9.509514403E+00
 8.966489153E+00 8.739013482E+00 9.159687887E+00 9.534130674E+00 9.851717490E+00
 1.011802117E+01 1.033969012E+01 1.052318100E+01 1.067420078E+01 1.079755126E+01
 1.089717629E+01 1.097628592E+01 1.103749331E+01 1.108293793E+01 1.111438735E+01
 1.113331767E+01 1.114097590E+01 1.113842778E+01 1.112659443E+01 1.110628059E+01
 1.107819639E+01 1.104297442E+01 1.100118328E+01 1.095333837E+01 1.089991080E+01
 1.084133470E+01 1.077801344E+01 1.071032500E+01 1.063862664E+01 1.056325907E+01
 1.048455032E+01 1.040281919E+01 1.031837861E+01 1.023153876E+01 1.014261017E+01
 1.005190670E+01 9.959748489E+00 9.866465015E+00 9.772398066E+00 9.677904870E+00
 9.583361279E+00 9.489165070E+00 9.395739378E+00 9.303536269E+00 9.213040465E+00
 9.124773218E+00 9.039296331E+00 8.957216304E+00 8.879188574E+00 8.805921791E+00
 8.738184497E+00 8.676825163E+00 8.622769275E+00 8.577008193E+00 8.540585731E+00
 8.514582821E+00 8.500100833E+00 8.498244227E+00 8.510103460E+00 8.536739211E+00
 8.579169207E+00 8.638359245E+00 8.715220345E+00 8.810612915E+00 8.925366478E+00
 9.060296346E+00 9.216188301E+00 9.393818006E+00 9.593959666E+00 9.817399574E+00
 1.006494933E+01 1.033745978E+01 1.063583476E+01 1.096104419E+01 1.131413561E+01
 1.169624312E+01 1.210859205E+01 1.255249734E+01 1.302935223E+01 1.354060308E+01
 1.408770395E+01 1.467204223E+01 1.529482339E+01 1.595689832E+01 1.665851198E+01
 1.739894657E+01 1.817602957E+01 1.898548043E+01 1.982009041E+01 2.066878342E+01
 2.151571433E+01 2.233973757E+01 2.311479086E+01 2.381184486E+01 2.440280293E+01
 2.486587981E+01 2.519080100E+01 2.538157961E+01 2.545551081E+01 2.543895885E+01
 2.536195384E+01 2.525356836E+01 2.513896099E+01 2.503785979E+01 2.496359895E+01
 2.492148414E+01 2.490504720E+01 2.488936813E+01 2.482537621E+01 2.465069052E+01
 2.432968705E+01 1.180890564E+01 1.181353838E+01 1.181967543E+01 1.182680922E+01
 1.183424679E+01 1.184107831E+01 1.184613207E+01 1.184791047E+01 1.184449902E+01
 1.183343651E+01 1.181152871E+01 1.177458011E+01 1.171700785E+01 1.163129266E+01
 1.150722636E+01 1.133097503E+01 1.108419597E+01 1.074390388E+01 1.027789177E+01
 1.007860443E+01 1.055544439E+01 1.091812864E+01 1.120070926E+01 1.141817993E+01
 1.158400192E+01 1.170905457E+01 1.180166463E+01 1.186808371E+01 1.191299869E+01
 1.193995037E+01 1.195164704E+01 1.195019144E+01 1.193724288E+01 1.191413297E+01
 1.188194857E+01 1.184159157E+01 1.179382238E+01 1.173929196E+01 1.167856549E+01
 1.161214029E+01 1.154045943E+01 1.146392229E+01 1.138289295E+01 1.129770682E+01
 1.120867627E+01 1.111609523E+01 1.102024321E+01 1.092138891E+01 1.081979343E+01
 1.071571326E+01 1.060940317E+01 1.050111895E+01 1.039112015E+01 1.027967282E+01
 1.016705229E+01 1.005354603E+01 9.939456601E+00 9.825104813E+00 9.710832962E+00
 9.597008325E+00 9.484026860E+00 9.372317158E+00 9.262344659E+00 9.154616165E+00
 9.049684657E+00 8.948154423E+00 8.850686477E+00 8.758004227E+00 8.670915625E+00
 8.590338434E+00 8.517290134E+00 8.452873942E+00 8.398261900E+00 8.354675418E+00
 8.323363809E+00 8.305581511E+00 8.302564900E+00 8.315509718E+00 8.345550383E+00
 8.393742639E+00 8.461051253E+00 8.548344725E+00 8.656399739E+00 8.785916950E+00
 8.937556222E+00 9.111975296E+00 9.309791059E+00 9.531605086E+00 9.778010977E+00
 1.004960648E+01 1.034700275E+01 1.067083193E+01 1.102175170E+01 1.140044545E+01
 1.180761645E+01 1.224397387E+01 1.271020777E+01 1.320694910E+01 1.373471013E+01
 1.429379893E+01 1.488420034E+01 1.550541484E+01 1.615624606E+01 1.683452918E+01
 1.753679794E+01 1.825789996E+01 1.899059315E+01 1.972519346E+01 2.044939572E+01
 2.114844363E+01 2.180584967E+01 2.240481045E+01 2.293027747E+01 2.337134381E+01
 2.372332640E+01 2.398887260E+01 2.417772136E+01 2.430527163E+01 2.439053977E+01
 2.445419334E+01 2.451714630E+01 2.459986672E+01 2.472218205E+01 2.490276072E+01
 2.515557519E+01 2.547410823E+01 2.577848394E+01 2.583500053E+01 2.543175731E+01
 1.181981051E+01 1.183946798E+01 1.186720964E+01 1.190274412E+01 1.194566815E+01
 1.199544274E+01 1.205135826E+01 1.211248324E+01 1.217758877E+01 1.224503590E+01
 1.231260461E+01 1.237722863E+01 1.243457342E+01 1.247834392E+01 1.249911444E+01
 1.248230813E+01 1.240477093E+01 1.222967157E+01 1.188999684E+01 1.173414662E+01
 1.223756138E+01 1.254098326E+01 1.273929268E+01 1.286616518E+01 1.294359698E+01
 1.298564984E+01 1.300144596E+01 1.299707691E+01 1.297673584E+01 1.294339185E+01
 1.289920219E+01 1.284577202E+01 1.278432287E+01 1.271580471E+01 1.264097208E+01
 1.256043678E+01 1.247470499E+01 1.238420369E+01 1.228929982E+01 1.219031432E+01
 1.208753260E+01 1.198121242E+01 1.187159009E+01 1.175888523E+01 1.164330477E+01
 1.152504623E+01 1.140430055E+01 1.128125469E+01 1.115609396E+01 1.102900432E+01
 1.090017456E+01 1.076979853E+01 1.063807744E+01 1.050522220E+01 1.037145591E+01
 1.023701650E+01 1.010215957E+01 9.967161425E+00 9.832322367E+00 9.697970293E+00
 9.564464591E+00 9.432200416E+00 9.301613356E+00 9.173184547E+00 9.047446277E+00
 8.924988119E+00 8.806463678E+00 8.692600474E+00 8.584253255E+00 8.482416671E+00
 8.388211788E+00 8.302868927E+00 8.227706962E+00 8.164109452E+00 8.113498150E+00
 8.077304602E+00 8.056940731E+00 8.053769450E+00 8.069076468E+00 8.104044685E+00
 8.159732723E+00 8.237059427E+00 8.336796503E+00 8.459571795E+00 8.605886524E+00
 8.776149152E+00 8.970735296E+00 9.190042474E+00 9.434415014E+00 9.704173767E+00
 9.999617603E+00 1.032102919E+01 1.066867532E+01 1.104280238E+01 1.144362534E+01
 1.187130837E+01 1.232593516E+01 1.280746614E+01 1.331567971E+01 1.385009417E+01
 1.440986697E+01 1.499366859E+01 1.559952992E+01 1.622466570E+01 1.686528247E+01
 1.751638976E+01 1.817164702E+01 1.882329619E+01 1.946224637E+01 2.007838441E+01
 2.066117058E+01 2.120052983E+01 2.168796437E+01 2.211771394E+01 2.248772287E+01
 2.280018807E+01 2.306157691E+01 2.328217898E+01 2.347541671E+01 2.365723067E+01
 2.384588462E+01 2.406258115E+01 2.433350058E+01 2.469462644E+01 2.520307595E+01
 2.596647265E+01 2.722151144E+01 2.884770655E+01 2.719346004E+01 1.183094712E+01
 1.186595882E+01 1.191580073E+01 1.198042927E+01 1.205977855E+01 1.215375120E+01
 1.226220415E+01 1.238492710E+01 1.252160962E+01 1.267179011E+01 1.283477538E+01
 1.300950981E+01 1.319435390E+01 1.338668747E+01 1.358214190E+01 1.377295062E+01
 1.394385096E+01 1.405955446E+01 1.400690665E+01 1.395840804E+01 1.433587734E+01
 1.444483087E+01 1.446597814E+01 1.444333006E+01 1.439475623E+01 1.432910515E+01
 1.425134087E+01 1.416448912E+01 1.407050353E+01 1.397069942E+01 1.386599146E+01
 1.375703305E+01 1.364430245E+01 1.352815827E+01 1.340887626E+01 1.328667424E+01
 1.316172932E+01 1.303418996E+01 1.290418445E+01 1.277182702E+01 1.263722222E+01
 1.250046822E+01 1.236165920E+01 1.222088736E+01 1.207824446E+01 1.193382325E+01
 1.178771873E+01 1.164002938E+01 1.149085847E+01 1.134031537E+01 1.118851699E+01
 1.103558935E+01 1.088166925E+01 1.072690626E+01 1.057146473E+01 1.041552619E+01
 1.025929194E+01 1.010298591E+01 9.946857949E+00 9.791187387E+00 9.636287061E+00
 9.482507817E+00 9.330243520E+00 9.179936670E+00 9.032084677E+00 8.887246850E+00
 8.746052169E+00 8.609231044E+00 8.477691166E+00 8.352513125E+00 8.234934175E+00
 8.126327616E+00 8.028177984E+00 7.942052438E+00 7.869568989E+00 7.812362339E+00
 7.772048277E+00 7.750187665E+00 7.748251154E+00 7.767585866E+00 7.809385433E+00
 7.874664959E+00 7.964242789E+00 8.078731298E+00 8.218539465E+00 8.383890418E+00
 8.574858107E+00 8.791426441E+00 9.033587090E+00 9.301379297E+00 9.594774039E+00
 9.913702616E+00 1.025805124E+01 1.062765565E+01 1.102228922E+01 1.144164345E+01
 1.188529987E+01 1.235269179E+01 1.284305468E+01 1.335536394E+01 1.388825963E+01
 1.443995880E+01 1.500815819E+01 1.558993300E+01 1.618164199E+01 1.677885497E+01
 1.737632493E+01 1.796803337E+01 1.854733930E+01 1.910725856E+01 1.964088470E+01
 2.014193551E+01 2.060537418E+01 2.102802101E+01 2.140905639E+01 2.175033178E+01
 2.205645368E+01 2.233467432E+01 2.259469215E+01 2.284852054E+01 2.311063161E+01
 2.339865771E+01 2.373511394E+01 2.415104623E+01 2.469343136E+01 2.543825034E+01
 2.647813179E+01 2.735921184E+01 2.645622818E+01 1.184211392E+01 1.189252552E+01
 1.196454213E+01 1.205837970E+01 1.217432833E+01 1.231276083E+01 1.247414457E+01
 1.265905805E+01 1.286821435E+01 1.310249551E+01 1.336300506E+01 1.365115223E+01
 1.396879526E+01 1.431850258E+01 1.470407143E+01 1.513168299E+01 1.561293718E+01
 1.617532836E+01 1.692695713E+01 1.738454822E+01 1.683203363E+01 1.652841683E+01
 1.628820687E+01 1.607653436E+01 1.588079535E+01 1.569502650E+01 1.551594107E+01
 1.534152990E+01 1.517046633E+01 1.500181978E+01 1.483490546E+01 1.466920007E+01
 1.450429195E+01 1.433985021E+01 1.417560483E+01 1.401133328E+01 1.384685116E+01
 1.368200543E+01 1.351666933E+01 1.335073851E+01 1.318412797E+01 1.301676965E+01
 1.284861055E+01 1.267961123E+01 1.250974475E+01 1.233899583E+01 1.216736040E+01
 1.199484540E+01 1.182146881E+01 1.164726001E+01 1.147226033E+01 1.129652389E+01
 1.112011870E+01 1.094312806E+01 1.076565216E+01 1.058781012E+01 1.040974221E+01
 1.023161260E+01 1.005361236E+01 9.875962990E+00 9.698920438E+00 9.522779677E+00
 9.347879923E+00 9.174610583E+00 9.003418056E+00 8.834813484E+00 8.669381631E+00
 8.507865332E+00 8.351231588E+00 8.200657098E+00 8.057508745E+00 7.923319006E+00
 7.799756478E+00 7.688592072E+00 7.591661608E+00 7.510825763E+00 7.447928401E+00
 7.404754376E+00 7.382987894E+00 7.384172534E+00 7.409674048E+00 7.460647195E+00
 7.538008081E+00 7.642413818E+00 7.774251844E+00 7.933641794E+00 8.120453524E+00
 8.334345495E+00 8.574828770E+00 8.841358941E+00 9.133492445E+00 9.450821729E+00
 9.792864578E+00 1.015907457E+01 1.054883073E+01 1.096142048E+01 1.139601659E+01
 1.185164694E+01 1.232715683E+01 1.282116401E+01 1.333200749E+01 1.385769215E+01
 1.439583282E+01 1.494360360E+01 1.549770056E+01 1.605432896E+01 1.660922788E+01
 1.715774676E+01 1.769498623E+01 1.821601063E+01 1.871612977E+01 1.919123402E+01
 1.963815187E+01 2.005498820E+01 2.044139832E+01 2.079876177E+01 2.113023995E+01
 2.144072705E+01 2.173672661E+01 2.202619590E+01 2.231838537E+01 2.262363393E+01
 2.295288202E+01 2.331607580E+01 2.371689381E+01 2.413676514E+01 2.449709974E+01
 2.462978176E+01 2.440687719E+01 1.185310182E+01 1.191866323E+01 1.201248758E+01
 1.213503823E+01 1.228694404E+01 1.246902398E+01 1.268232235E+01 1.292815862E+01
 1.320819915E+01 1.352456214E+01 1.387997555E+01 1.427802218E+01 1.472353468E+01
 1.522325926E+01 1.578702242E+01 1.642987078E+01 1.717607028E+01 1.806620563E+01
 1.918844933E+01 1.982218029E+01 1.901325256E+01 1.846649404E+01 1.802580632E+01
 1.765282237E+01 1.732472538E+01 1.702771395E+01 1.675310969E+01 1.649519885E+01
 1.625005442E+01 1.601487366E+01 1.578759009E+01 1.556663710E+01 1.535079848E+01
 1.513911090E+01 1.493079824E+01 1.472522623E+01 1.452187031E+01 1.432029238E+01
 1.412012354E+01 1.392105119E+01 1.372280910E+01 1.352516972E+01 1.332793825E+01
 1.313094789E+01 1.293405623E+01 1.273714234E+01 1.254010466E+01 1.234285932E+01
 1.214533910E+01 1.194749273E+01 1.174928465E+01 1.155069508E+01 1.135172054E+01
 1.115237463E+01 1.095268923E+01 1.075271602E+01 1.055252847E+01 1.035222411E+01
 1.015192738E+01 9.951792896E+00 9.752009329E+00 9.552803874E+00 9.354447469E+00
 9.157260824E+00 8.961621447E+00 8.767971823E+00 8.576842644E+00 8.389001198E+00
 8.205482366E+00 8.027570866E+00 7.856777762E+00 7.694811117E+00 7.543541115E+00
 7.404960354E+00 7.281140331E+00 7.174185282E+00 7.086184624E+00 7.019165182E+00
 6.975044277E+00 6.955584577E+00 6.962351539E+00 6.996674240E+00 7.059610526E+00
 7.151917750E+00 7.274030852E+00 7.426050243E+00 7.607742752E+00 7.818559723E+00
 8.057677128E+00 8.324063083E+00 8.616579602E+00 8.934115739E+00 9.275792799E+00
 9.640706950E+00 1.002788457E+01 1.043626524E+01 1.086468728E+01 1.131186592E+01
 1.177636703E+01 1.225657713E+01 1.275067125E+01 1.325658085E+01 1.377196520E+01
 1.429419061E+01 1.482032335E+01 1.534714266E+01 1.587118120E+01 1.638879909E+01
 1.689629591E+01 1.739006114E+01 1.786675761E+01 1.832352600E+01 1.875819204E+01
 1.916945350E+01 1.955702350E+01 1.992170996E+01 2.026541768E+01 2.059106585E+01
 2.090241522E+01 2.120378723E+01 2.149962303E+01 2.179375441E+01 2.208811963E+01
 2.238045191E+01 2.266036773E+01 2.290411305E+01 2.307197274E+01 2.311856253E+01
 2.302034684E+01 1.186371102E+01 1.194388988E+01 1.205873420E+01 1.220892072E+01
 1.239536726E+01 1.261926790E+01 1.288214223E+01 1.318590400E+01 1.353295679E+01
 1.392632872E+01 1.436986428E+01 1.486850113E+01 1.542867345E+01 1.605890068E+01
 1.677063142E+01 1.757937530E+01 1.850594223E+01 1.957703113E+01 2.083215761E+01
 2.147822605E+01 2.072548058E+01 2.010148732E+01 1.956108417E+01 1.908666857E+01
 1.866319054E+01 1.827892719E+01 1.792511979E+01 1.759527722E+01 1.728455398E+01
 1.698928298E+01 1.670664396E+01 1.643443224E+01 1.617089707E+01 1.591462777E+01
 1.566447240E+01 1.541947887E+01 1.517885170E+01 1.494191971E+01 1.470811169E+01
 1.447693763E+01 1.424797434E+01 1.402085402E+01 1.379525540E+01 1.357089660E+01
 1.334752951E+01 1.312493527E+01 1.290292079E+01 1.268131596E+01 1.245997158E+01
 1.223875780E+01 1.201756317E+01 1.179629405E+01 1.157487452E+01 1.135324662E+01
 1.113137108E+01 1.090922839E+01 1.068682032E+01 1.046417184E+01 1.024133359E+01
 1.001838480E+01 9.795436830E+00 9.572637341E+00 9.350175256E+00 9.128286533E+00
 8.907260933E+00 8.687449856E+00 8.469338846E+00 8.253728687E+00 8.041733960E+00
 7.834761665E+00 7.634482989E+00 7.442798224E+00 7.261795440E+00 7.093703953E+00
 6.940843991E+00 6.805574115E+00 6.690237941E+00 6.597111530E+00 6.528352508E+00
 6.485951653E+00 6.471687366E+00 6.487083285E+00 6.533369277E+00 6.611446308E+00
 6.721856198E+00 6.864758047E+00 7.039914086E+00 7.246688796E+00 7.484066214E+00
 7.750691170E+00 8.044940737E+00 8.365031768E+00 8.709172837E+00 9.075759489E+00
 9.463507533E+00 9.871044431E+00 1.029692777E+01 1.073962538E+01 1.119749795E+01
 1.166878051E+01 1.215156370E+01 1.264377672E+01 1.314317475E+01 1.364733388E+01
 1.415365714E+01 1.465939551E+01 1.516168720E+01 1.565761778E+01 1.614430189E+01
 1.661898484E+01 1.707915882E+01 1.752268552E+01 1.794791329E+01 1.835377542E+01
 1.873985497E+01 1.910640293E+01 1.945429729E+01 1.978493171E+01 2.010001903E+01
 2.040128752E+01 2.069003260E+01 2.096646970E+01 2.122883111E+01 2.147221267E+01
 2.168741102E+01 2.186051396E+01 2.197462857E+01 2.201481303E+01 2.197470930E+01
 1.187376690E+01 1.196778543E+01 1.210249921E+01 1.227874932E+01 1.249767161E+01
 1.276073518E+01 1.306979488E+01 1.342716197E+01 1.383569837E+01 1.429894188E+01
 1.482127167E+01 1.540812441E+01 1.606627013E+01 1.680414652E+01 1.763222150E+01
 1.856328492E+01 1.961244332E+01 2.079629902E+01 2.211675476E+01 2.275137966E+01
 2.210326126E+01 2.146087152E+01 2.087812452E+01 2.034883169E+01 1.986525502E+01
 1.942000149E+01 1.900661162E+01 1.861968763E+01 1.825481151E+01 1.790839369E+01
 1.757751698E+01 1.725980000E+01 1.695328551E+01 1.665635212E+01 1.636764539E+01
 1.608602430E+01 1.581051964E+01 1.554030160E+01 1.527465428E+01 1.501295551E+01
 1.475466094E+01 1.449929114E+01 1.424642138E+01 1.399567325E+01 1.374670795E+01
 1.349922085E+01 1.325293705E+01 1.300760790E+01 1.276300817E+01 1.251893394E+01
 1.227520100E+01 1.203164374E+01 1.178811454E+01 1.154448353E+01 1.130063887E+01
 1.105648732E+01 1.081195528E+01 1.056699034E+01 1.032156315E+01 1.007566997E+01
 9.829335631E+00 9.582617279E+00 9.335608760E+00 9.088445903E+00 8.841312781E+00
 8.594449091E+00 8.348318549E+00 8.103766698E+00 7.862002306E+00 7.624571200E+00
 7.393322006E+00 7.170363963E+00 6.958017777E+00 6.758761040E+00 6.575170182E+00
 6.409861042E+00 6.265430016E+00 6.144397417E+00 6.049154117E+00 5.981912012E+00
 5.944658276E+00 5.939112999E+00 5.966689619E+00 6.028457731E+00 6.125108285E+00
 6.256922042E+00 6.423743267E+00 6.624962001E+00 6.859509688E+00 7.125874253E+00
 7.422141696E+00 7.746071526E+00 8.095213040E+00 8.467067259E+00 8.859298510E+00
 9.270035018E+00 9.697603945E+00 1.014026944E+01 1.059623349E+01 1.106362672E+01
 1.154049804E+01 1.202480607E+01 1.251441452E+01 1.300709380E+01 1.350053066E+01
 1.399234821E+01 1.448013759E+01 1.496150203E+01 1.543411283E+01 1.589577490E+01
 1.634449795E+01 1.677856725E+01 1.719660647E+01 1.759762396E+01 1.798103320E+01
 1.834663846E+01 1.869457706E+01 1.902520972E+01 1.933895057E+01 1.963602817E+01
 1.991617132E+01 2.017822370E+01 2.041972038E+01 2.063652114E+01 2.082269399E+01
 2.097093835E+01 2.107380257E+01 2.112561611E+01 2.112446373E+01 1.188313133E+01
 1.199001983E+01 1.214317344E+01 1.234354277E+01 1.259240394E+01 1.289139419E+01
 1.324255895E+01 1.364841249E+01 1.411201458E+01 1.463706533E+01 1.522801956E+01
 1.589021906E+01 1.663003471E+01 1.745499807E+01 1.837388087E+01 1.939665093E+01
 2.053420163E+01 2.179752359E+01 2.317333844E+01 2.383311057E+01 2.323699228E+01
 2.259744283E+01 2.200019171E+01 2.144405978E+01 2.092558369E+01 2.044072790E+01
 1.998541989E+01 1.955584854E+01 1.914859805E+01 1.876068171E+01 1.838952293E+01
 1.803291296E+01 1.768896176E+01 1.735605016E+01 1.703278678E+01 1.671797087E+01
 1.641056095E+01 1.610964871E+01 1.581443732E+01 1.552422361E+01 1.523838332E+01
 1.495635891E+01 1.467764951E+01 1.440180258E+01 1.412840704E+01 1.385708752E+01
 1.358749969E+01 1.331932637E+01 1.305227443E+01 1.278607221E+01 1.252046759E+01
 1.225522651E+01 1.199013189E+01 1.172498307E+01 1.145959554E+01 1.119380111E+01
 1.092744852E+01 1.066040433E+01 1.039255437E+01 1.012380561E+01 9.854088485E+00
 9.583359910E+00 9.311606899E+00 9.038851009E+00 8.765153765E+00 8.490638586E+00
 8.215772477E+00 7.941461022E+00 7.669024940E+00 7.400167795E+00 7.136934151E+00
 6.881658626E+00 6.636907285E+00 6.405413592E+00 6.190011620E+00 5.993569277E+00
 5.818924055E+00 5.668823217E+00 5.545869548E+00 5.452472942E+00 5.390807303E+00
 5.362771590E+00 5.369953533E+00 5.413594518E+00 5.494554568E+00 5.613277117E+00
 5.769754532E+00 5.963496848E+00 6.193507995E+00 6.458275636E+00 6.755782320E+00
 7.083546721E+00 7.438703841E+00 7.818131970E+00 8.218632245E+00 8.637164037E+00
 9.071123100E+00 9.518568313E+00 9.977566939E+00 1.044617222E+01 1.092241368E+01
 1.140429154E+01 1.188977486E+01 1.237680424E+01 1.286330020E+01 1.334717816E+01
 1.382637077E+01 1.429885738E+01 1.476269979E+01 1.521608232E+01 1.565735316E+01
 1.608506282E+01 1.649799490E+01 1.689518360E+01 1.727591221E+01 1.763968746E+01
 1.798618470E+01 1.831516045E+01 1.862633066E+01 1.891921626E+01 1.919296427E+01
 1.944616402E+01 1.967669643E+01 1.988167780E+01 2.005757973E+01 2.020059970E+01
 2.030729589E+01 2.037537544E+01 2.040439218E+01 1.189170803E+01 1.201036547E+01
 1.218034353E+01 1.240265018E+01 1.267862960E+01 1.300999114E+01 1.339884631E+01
 1.384775413E+01 1.435977474E+01 1.493853052E+01 1.558827165E+01 1.631394028E+01
 1.712122224E+01 1.801656799E+01 1.900715624E+01 2.010076615E+01 2.130552433E+01
 2.262941601E+01 2.406948312E+01 2.479731180E+01 2.418275907E+01 2.355384124E+01
 2.295570183E+01 2.238866109E+01 2.185153555E+01 2.134242307E+01 2.085904471E+01
 2.039899567E+01 1.995991060E+01 1.953955988E+01 1.913589698E+01 1.874707434E+01
 1.837144046E+01 1.800752701E+01 1.765403146E+01 1.730979827E+01 1.697380066E+01
 1.664512364E+01 1.632294887E+01 1.600654126E+01 1.569523738E+01 1.538843539E+01
 1.508558650E+01 1.478618753E+01 1.448977474E+01 1.419591846E+01 1.390421860E+01
 1.361430084E+01 1.332581350E+01 1.303842486E+01 1.275182103E+01 1.246570423E+01
 1.217979148E+01 1.189381362E+01 1.160751472E+01 1.132065181E+01 1.103299492E+01
 1.074432753E+01 1.045444732E+01 1.016316731E+01 9.870317445E+00 9.575746629E+00
 9.279325298E+00 8.980948588E+00 8.680540247E+00 8.378127596E+00 8.074199130E+00
 7.769740208E+00 7.466204332E+00 7.165473494E+00 6.869807120E+00 6.581780520E+00
 6.304215066E+00 6.040103185E+00 5.792531802E+00 5.564607807E+00 5.359388664E+00
 5.179820386E+00 5.028684002E+00 4.908550467E+00 4.821742927E+00 4.770304363E+00
 4.755968198E+00 4.780129270E+00 4.843812944E+00 4.947640824E+00 5.091792781E+00
 5.275966607E+00 5.499338626E+00 5.760530834E+00 6.057592425E+00 6.388005436E+00
 6.748725376E+00 7.136267455E+00 7.546847169E+00 7.976580208E+00 8.421741241E+00
 8.879079798E+00 9.346210478E+00 9.821135526E+00 1.030188100E+01 1.078649493E+01
 1.127304628E+01 1.175962602E+01 1.224435151E+01 1.272537510E+01 1.320089719E+01
 1.366918351E+01 1.412858570E+01 1.457756366E+01 1.501470757E+01 1.543875672E+01
 1.584861217E+01 1.624333972E+01 1.662216012E+01 1.698442376E+01 1.732956786E+01
 1.765705596E+01 1.796630134E+01 1.825657970E+01 1.852694090E+01 1.877613609E+01
 1.900258349E+01 1.920440118E+01 1.937953366E+01 1.952598399E+01 1.964213247E+01
 1.972708165E+01 1.978093655E+01 1.189944190E+01 1.202869478E+01 1.221378504E+01
 1.245573415E+01 1.275589523E+01 1.311597423E+01 1.353805581E+01 1.402463308E+01
 1.457864026E+01 1.520348577E+01 1.590308198E+01 1.668186570E+01 1.754480072E+01
 1.849735082E+01 1.954540981E+01 2.069517526E+01 2.195295946E+01 2.332507777E+01
 2.483146098E+01 2.566435061E+01 2.497705989E+01 2.436175889E+01 2.376946929E+01
 2.320049354E+01 2.265484755E+01 2.213190557E+01 2.163059447E+01 2.114956723E+01
 2.068733932E+01 2.024238739E+01 1.981321549E+01 1.939839574E+01 1.899659055E+01
 1.860656203E+01 1.822717332E+01 1.785738479E+01 1.749624750E+01 1.714289527E+01
 1.679653635E+01 1.645644525E+01 1.612195496E+01 1.579244986E+01 1.546735927E+01
 1.514615170E+01 1.482832973E+01 1.451342561E+01 1.420099727E+01 1.389062499E+01
 1.358190843E+01 1.327446410E+01 1.296792326E+01 1.266193007E+01 1.235614010E+01
 1.205021913E+01 1.174384223E+01 1.143669305E+01 1.112846342E+01 1.081885318E+01
 1.050757031E+01 1.019433122E+01 9.878861533E+00 9.560896950E+00 9.240184620E+00
 8.916484763E+00 8.589572632E+00 8.259413213E+00 7.926536346E+00 7.592028757E+00
 7.257498771E+00 6.925027674E+00 6.597107559E+00 6.276567270E+00 5.966489582E+00
 5.670123865E+00 5.390798912E+00 5.131840458E+00 4.896497109E+00 4.687877187E+00
 4.508897511E+00 4.362243661E+00 4.250339963E+00 4.175326406E+00 4.139039115E+00
 4.142990768E+00 4.188347628E+00 4.275900478E+00 4.406027904E+00 4.578651924E+00
 4.793187991E+00 5.048493888E+00 5.342824721E+00 5.673803974E+00 6.038422805E+00
 6.433080849E+00 6.853681172E+00 7.295789055E+00 7.754859197E+00 8.226529652E+00
 8.706974021E+00 9.193289793E+00 9.683506828E+00 1.017572588E+01 1.066811550E+01
 1.115890783E+01 1.164639712E+01 1.212894118E+01 1.260496593E+01 1.307297273E+01
 1.353154770E+01 1.397937196E+01 1.441523134E+01 1.483802361E+01 1.524676149E+01
 1.564056933E+01 1.601867196E+01 1.638037447E+01 1.672503270E+01 1.705201535E+01
 1.736066049E+01 1.765023111E+01 1.791987725E+01 1.816861443E+01 1.839533010E+01
 1.859882908E+01 1.877792484E+01 1.893157424E+01 1.905904014E+01 1.916005252E+01
 1.923493194E+01 1.190631393E+01 1.204496692E+01 1.224343510E+01 1.250272014E+01
 1.282414091E+01 1.320934726E+01 1.366033590E+01 1.417946741E+01 1.476948261E+01
 1.543351614E+01 1.617510365E+01 1.699817828E+01 1.790705065E+01 1.890636617E+01
 2.000103346E+01 2.119611976E+01 2.249671546E+01 2.390800592E+01 2.545983192E+01
 2.636477805E+01 2.564502755E+01 2.504482793E+01 2.446160933E+01 2.389570517E+01
 2.334776506E+01 2.281790994E+01 2.230583940E+01 2.181094476E+01 2.133240865E+01
 2.086928650E+01 2.042056928E+01 1.998522927E+01 1.956225146E+01 1.915065397E+01
 1.874949999E+01 1.835790379E+01 1.797503265E+01 1.760010600E+01 1.723239294E+01
 1.687120870E+01 1.651591072E+01 1.616589446E+01 1.582058937E+01 1.547945493E+01
 1.514197703E+01 1.480766459E+01 1.447604650E+01 1.414666881E+01 1.381909226E+01
 1.349289002E+01 1.316764566E+01 1.284295145E+01 1.251840669E+01 1.219361641E+01
 1.186819010E+01 1.154174070E+01 1.121388373E+01 1.088423652E+01 1.055241765E+01
 1.021804653E+01 9.880743108E+00 9.540127742E+00 9.195821254E+00 8.847445100E+00
 8.494621678E+00 8.137295659E+00 7.776059070E+00 7.412121886E+00 7.047268601E+00
 6.683798808E+00 6.324452046E+00 5.972319382E+00 5.630746062E+00 5.303230745E+00
 4.993327257E+00 4.704554313E+00 4.440317518E+00 4.203846298E+00 3.998146548E+00
 3.825967988E+00 3.689783724E+00 3.591778369E+00 3.533840453E+00 3.517554618E+00
 3.544189326E+00 3.614676384E+00 3.729579588E+00 3.889051203E+00 4.092776878E+00
 4.339912022E+00 4.629015598E+00 4.957990538E+00 5.324043222E+00 5.723677012E+00
 6.152735868E+00 6.606512779E+00 7.079933355E+00 7.567817719E+00 8.065214483E+00
 8.567791347E+00 9.072263826E+00 9.576656430E+00 1.007925087E+01 1.057842705E+01
 1.107265478E+01 1.156048795E+01 1.204056141E+01 1.251159022E+01 1.297237065E+01
 1.342178218E+01 1.385878947E+01 1.428244298E+01 1.469187725E+01 1.508630557E+01
 1.546501038E+01 1.582732899E+01 1.617263497E+01 1.650031649E+01 1.680975376E+01
 1.710029903E+01 1.737126364E+01 1.762191734E+01 1.785150495E+01 1.805928406E+01
 1.824458459E+01 1.840688597E+01 1.854590247E+01 1.866166278E+01 1.875456786E+01
 1.191233364E+01 1.205920899E+01 1.226935519E+01 1.254373155E+01 1.288359451E+01
 1.329050536E+01 1.376633842E+01 1.431328862E+01 1.493387697E+01 1.563095207E+01
 1.640768490E+01 1.726755405E+01 1.821431793E+01 1.925197054E+01 2.038467834E+01
 2.161669728E+01 2.295227254E+01 2.439562289E+01 2.596040047E+01 2.683121457E+01
 2.620539074E+01 2.562095333E+01 2.504812795E+01 2.448799427E+01 2.394153414E+01
 2.340929467E+01 2.289145461E+01 2.238789802E+01 2.189828433E+01 2.142211039E+01
 2.095876242E+01 2.050755746E+01 2.006777512E+01 1.963868084E+01 1.921954237E+01
 1.880964072E+01 1.840827704E+01 1.801477648E+01 1.762848981E+01 1.724879364E+01
 1.687508950E+01 1.650680234E+01 1.614337867E+01 1.578428441E+01 1.542900270E+01
 1.507703176E+01 1.472788266E+01 1.438107735E+01 1.403614663E+01 1.369262834E+01
 1.335006553E+01 1.300800488E+01 1.266599507E+01 1.232358529E+01 1.198032383E+01
 1.163575671E+01 1.128942635E+01 1.094087035E+01 1.058962017E+01 1.023519995E+01
 9.877125305E+00 9.514902100E+00 9.148025239E+00 8.775977475E+00 8.398240246E+00
 8.014774003E+00 7.626254017E+00 7.234034061E+00 6.840093389E+00 6.446964895E+00
 6.057645273E+00 5.675490741E+00 5.304104028E+00 4.947219611E+00 4.608594404E+00
 4.291910272E+00 4.000693157E+00 3.738251410E+00 3.507633735E+00 3.311605015E+00
 3.152636693E+00 3.032907206E+00 2.954307393E+00 2.918445638E+00 2.926647763E+00
 2.979947236E+00 3.079062118E+00 3.224356378E+00 3.415784800E+00 3.652822924E+00
 3.934386229E+00 4.258746263E+00 4.623455290E+00 5.025294795E+00 5.460266100E+00
 5.923642096E+00 6.410096744E+00 6.913922684E+00 7.429337429E+00 7.950866807E+00
 8.473784005E+00 8.994576798E+00 9.511316389E+00 1.002255496E+01 1.052695532E+01
 1.102327792E+01 1.151037073E+01 1.198716188E+01 1.245265447E+01 1.290592316E+01
 1.334611133E+01 1.377242831E+01 1.418414563E+01 1.458059179E+01 1.496114508E+01
 1.532522444E+01 1.567227882E+01 1.600177597E+01 1.631319223E+01 1.660600539E+01
 1.687969312E+01 1.713373939E+01 1.736765103E+01 1.758098522E+01 1.777338714E+01
 1.794463464E+01 1.809468456E+01 1.822371359E+01 1.833214671E+01 1.191753096E+01
 1.207149602E+01 1.229169300E+01 1.257902543E+01 1.293467151E+01 1.336008735E+01
 1.385700967E+01 1.442745725E+01 1.507372987E+01 1.579840333E+01 1.660431883E+01
 1.749456460E+01 1.847244788E+01 1.954145517E+01 2.070519943E+01 2.196735418E+01
 2.333157451E+01 2.480127397E+01 2.636534518E+01 2.719071371E+01 2.667309690E+01
 2.610387203E+01 2.554170045E+01 2.498867477E+01 2.444593366E+01 2.391425089E+01
 2.339408729E+01 2.288564104E+01 2.238889722E+01 2.190367364E+01 2.142966093E+01
 2.096645635E+01 2.051359120E+01 2.007055254E+01 1.963679977E+01 1.921177709E+01
 1.879492248E+01 1.838567399E+01 1.798347401E+01 1.758777180E+01 1.719802501E+01
 1.681370015E+01 1.643427258E+01 1.605922592E+01 1.568805125E+01 1.532024599E+01
 1.495531268E+01 1.459275771E+01 1.423208988E+01 1.387281900E+01 1.351445437E+01
 1.315650336E+01 1.279846984E+01 1.243985260E+01 1.208014381E+01 1.171882735E+01
 1.135537710E+01 1.098925518E+01 1.061991008E+01 1.024677466E+01 9.869264076E+00
 9.486773444E+00 9.098675396E+00 8.704317330E+00 8.303070551E+00 7.894933332E+00
 7.480683851E+00 7.061836763E+00 6.640579637E+00 6.219687462E+00 5.802416910E+00
 5.392385236E+00 4.993441098E+00 4.609535812E+00 4.244603541E+00 3.902457613E+00
 3.586708018E+00 3.300702489E+00 3.047490930E+00 2.829810654E+00 2.650088194E+00
 2.510452357E+00 2.412752739E+00 2.358577897E+00 2.349267727E+00 2.385915134E+00
 2.469352861E+00 2.600122291E+00 2.778422321E+00 3.004038235E+00 3.276252950E+00
 3.593746329E+00 3.954492388E+00 4.355668815E+00 4.793597651E+00 5.263739017E+00
 5.760759954E+00 6.278696391E+00 6.811217293E+00 7.351986880E+00 7.895106109E+00
 8.435602396E+00 8.969931617E+00 9.496367479E+00 1.001380193E+01 1.052123039E+01
 1.101773497E+01 1.150247179E+01 1.197466149E+01 1.243358240E+01 1.287856534E+01
 1.330898938E+01 1.372427784E+01 1.412389419E+01 1.450733739E+01 1.487413687E+01
 1.522384734E+01 1.555604410E+01 1.587031983E+01 1.616628395E+01 1.644356576E+01
 1.670182260E+01 1.694075354E+01 1.716011867E+01 1.735976302E+01 1.753964292E+01
 1.769985198E+01 1.784064290E+01 1.796244177E+01 1.192194878E+01 1.208193303E+01
 1.231064880E+01 1.260893758E+01 1.297789277E+01 1.341885969E+01 1.393343488E+01
 1.452346381E+01 1.519103652E+01 1.593848010E+01 1.676834699E+01 1.768339790E+01
 1.868657776E+01 1.978098342E+01 2.096982150E+01 2.225635566E+01 2.364384097E+01
 2.513521572E+01 2.670956867E+01 2.753227211E+01 2.706000355E+01 2.650415515E+01
 2.595231819E+01 2.540695210E+01 2.486922918E+01 2.434001519E+01 2.381991559E+01
 2.330931344E+01 2.280840529E+01 2.231723400E+01 2.183571759E+01 2.136367413E+01
 2.090084278E+01 2.044690128E+01 2.000148029E+01 1.956417492E+01 1.913455392E+01
 1.871216683E+01 1.829654937E+01 1.788722761E+01 1.748372086E+01 1.708554374E+01
 1.669220751E+01 1.630322081E+01 1.591808994E+01 1.553631882E+01 1.515740853E+01
 1.478085676E+01 1.440615696E+01 1.403279729E+01 1.366025956E+01 1.328801780E+01
 1.291553695E+01 1.254227116E+01 1.216766216E+01 1.179113733E+01 1.141210767E+01
 1.102996558E+01 1.064408245E+01 1.025380595E+01 9.858457133E+00 9.457327134E+00
 9.049673567E+00 8.634716406E+00 8.211751132E+00 7.780831231E+00 7.342852288E+00
 6.899500619E+00 6.453178282E+00 6.006903079E+00 5.564186280E+00 5.128894405E+00
 4.705104044E+00 4.296959781E+00 3.908544936E+00 3.543772979E+00 3.206304752E+00
 2.899493470E+00 2.626356502E+00 2.389570462E+00 2.191484441E+00 2.034145292E+00
 1.919328575E+00 1.848568979E+00 1.823184498E+00 1.844289248E+00 1.912790485E+00
 2.029366157E+00 2.194420265E+00 2.408014700E+00 2.669778213E+00 2.978796119E+00
 3.333488297E+00 3.731488028E+00 4.169539700E+00 4.643438363E+00 5.148036977E+00
 5.677346096E+00 6.224744010E+00 6.783302691E+00 7.346217832E+00 7.907313744E+00
 8.461581489E+00 9.005706790E+00 9.538385741E+00 1.005889379E+01 1.056658179E+01
 1.106085947E+01 1.154118396E+01 1.200705173E+01 1.245799301E+01 1.289356779E+01
 1.331336288E+01 1.371698957E+01 1.410408155E+01 1.447429317E+01 1.482729812E+01
 1.516278890E+01 1.548047756E+01 1.578009829E+01 1.606141252E+01 1.632421678E+01
 1.656835363E+01 1.679372525E+01 1.700030893E+01 1.718817328E+01 1.735749325E+01
 1.750856225E+01 1.764179950E+01 1.192563681E+01 1.209064031E+01 1.232644862E+01
 1.263384014E+01 1.301382320E+01 1.346763402E+01 1.399673369E+01 1.460280391E+01
 1.528774121E+01 1.605364933E+01 1.690282927E+01 1.783776649E+01 1.886111440E+01
 1.997567261E+01 2.118435760E+01 2.249016283E+01 2.389610392E+01 2.540504944E+01
 2.700904939E+01 2.787575946E+01 2.737464458E+01 2.682983957E+01 2.628777069E+01
 2.575022350E+01 2.521829452E+01 2.469283456E+01 2.417449041E+01 2.366373603E+01
 2.316089756E+01 2.266617353E+01 2.217965194E+01 2.170132519E+01 2.123110346E+01
 2.076882672E+01 2.031427551E+01 1.986718046E+01 1.942723050E+01 1.899407988E+01
 1.856735411E+01 1.814665477E+01 1.773156347E+01 1.732164489E+01 1.691644922E+01
 1.651551384E+01 1.611836462E+01 1.572451661E+01 1.533347440E+01 1.494473214E+01
 1.455777322E+01 1.417206962E+01 1.378708112E+01 1.340225414E+01 1.301702043E+01
 1.263079547E+01 1.224297665E+01 1.185294123E+01 1.146004398E+01 1.106361463E+01
 1.066295488E+01 1.025733521E+01 9.845991192E+00 9.428119434E+00 9.002872959E+00
 8.569356017E+00 8.126820796E+00 7.675388288E+00 7.216079244E+00 6.750754374E+00
 6.282027498E+00 5.813150801E+00 5.347876063E+00 4.890299788E+00 4.444702870E+00
 4.015396397E+00 3.606584348E+00 3.222251519E+00 2.866081699E+00 2.541407481E+00
 2.251189818E+00 1.998022881E+00 1.784158163E+00 1.611541034E+00 1.481852879E+00
 1.396552398E+00 1.356910252E+00 1.364031912E+00 1.418864230E+00 1.522181813E+00
 1.674549980E+00 1.876262018E+00 2.127249981E+00 2.426970661E+00 2.774271987E+00
 3.167249997E+00 3.603112576E+00 4.078072518E+00 4.587297647E+00 5.124947717E+00
 5.684324162E+00 6.258148063E+00 6.838964208E+00 7.419648032E+00 7.993973168E+00
 8.557187391E+00 9.106549301E+00 9.641375116E+00 1.016132806E+01 1.066610193E+01
 1.115541176E+01 1.162898727E+01 1.208656889E+01 1.252790570E+01 1.295275468E+01
 1.336088084E+01 1.375205784E+01 1.412606913E+01 1.448270965E+01 1.482178806E+01
 1.514313001E+01 1.544658251E+01 1.573201973E+01 1.599935030E+01 1.624852609E+01
 1.647955217E+01 1.669249736E+01 1.688750459E+01 1.706480012E+01 1.722470057E+01
 1.736761677E+01 1.192864670E+01 1.209774225E+01 1.233932428E+01 1.265411078E+01
 1.304302921E+01 1.350721289E+01 1.404799625E+01 1.466690930E+01 1.536567114E+01
 1.614618304E+01 1.701052144E+01 1.796093132E+01 1.899982038E+01 2.012975317E+01
 2.135344230E+01 2.267372982E+01 2.409354885E+01 2.561598608E+01 2.725777672E+01
 2.820829516E+01 2.762221743E+01 2.708680765E+01 2.655399845E+01 2.602437111E+01
 2.549882050E+01 2.497807857E+01 2.446275224E+01 2.395334465E+01 2.345026338E+01
 2.295382341E+01 2.246424928E+01 2.198167859E+01 2.150616704E+01 2.103769482E+01
 2.057617372E+01 2.012145439E+01 1.967333353E+01 1.923156053E+01 1.879584346E+01
 1.836585441E+01 1.794123407E+01 1.752159558E+01 1.710652766E+01 1.669559722E+01
 1.628835128E+01 1.588431842E+01 1.548300974E+01 1.508391939E+01 1.468652470E+01
 1.429028592E+01 1.389464566E+01 1.349902794E+01 1.310283695E+01 1.270545550E+01
 1.230624314E+01 1.190453393E+01 1.149963393E+01 1.109081822E+01 1.067732764E+01
 1.025836503E+01 9.833091039E+00 9.400619361E+00 8.960011416E+00 8.510270311E+00
 8.050632238E+00 7.581291755E+00 7.103394697E+00 6.618969910E+00 6.130830711E+00
 5.642445880E+00 5.157785242E+00 4.681149335E+00 4.216995411E+00 3.769772735E+00
 3.343778811E+00 2.943045164E+00 2.571257428E+00 2.231710419E+00 1.927295383E+00
 1.660514042E+00 1.433512542E+00 1.248127913E+00 1.105939817E+00 1.008321035E+00
 9.564808907E-01 9.514965962E-01 9.943281159E-01 1.085812608E+00 1.226634945E+00
 1.417271415E+00 1.657904736E+00 1.948310415E+00 2.287717555E+00 2.674651829E+00
 3.106774482E+00 3.580738432E+00 4.092089529E+00 4.635245723E+00 5.203586510E+00
 5.789677200E+00 6.385636179E+00 6.983630434E+00 7.576460464E+00 8.158177999E+00
 8.724676302E+00 9.274207371E+00 9.806736159E+00 1.032226471E+01 1.082078290E+01
 1.130226395E+01 1.176666382E+01 1.221392274E+01 1.264396777E+01 1.305671617E+01
 1.345207898E+01 1.382996499E+01 1.419028493E+01 1.453295598E+01 1.485790679E+01
 1.516508298E+01 1.545445337E+01 1.572601686E+01 1.597980979E+01 1.621591372E+01
 1.643446311E+01 1.663565243E+01 1.681974223E+01 1.698706350E+01 1.713801983E+01
 1.193102850E+01 1.210335892E+01 1.234949862E+01 1.267011075E+01 1.306604945E+01
 1.353835466E+01 1.408824575E+01 1.471711423E+01 1.542651604E+01 1.621816422E+01
 1.709392348E+01 1.805580877E+01 1.910599118E+01 2.024681400E+01 2.148082019E+01
 2.281078386E+01 2.423972326E+01 2.577107875E+01 2.743330353E+01 2.843783589E+01
 2.780519913E+01 2.727898255E+01 2.675539397E+01 2.623410757E+01 2.571563403E+01
 2.520048299E+01 2.468917941E+01 2.418224505E+01 2.368016878E+01 2.318338112E+01
 2.269223779E+01 2.220701153E+01 2.172789024E+01 2.125497928E+01 2.078830630E+01
 2.032782742E+01 1.987343383E+01 1.942495845E+01 1.898218221E+01 1.854483983E+01
 1.811262493E+01 1.768519453E+01 1.726217287E+01 1.684315453E+01 1.642770707E+01
 1.601537298E+01 1.560567114E+01 1.519809781E+01 1.479212711E+01 1.438721107E+01
 1.398277930E+01 1.357823821E+01 1.317296986E+01 1.276633044E+01 1.235764834E+01
 1.194622183E+01 1.153131631E+01 1.111216121E+01 1.068794632E+01 1.025781771E+01
 9.820873089E+00 9.376156579E+00 8.922652841E+00 8.459280480E+00 7.985279436E+00
 7.500917029E+00 7.007455828E+00 6.507077405E+00 6.002772969E+00 5.498201338E+00
 4.997520503E+00 4.505203722E+00 4.025853835E+00 3.564029925E+00 3.124098654E+00
 2.710119003E+00 2.325764816E+00 1.974285096E+00 1.658498362E+00 1.380814835E+00
 1.143278837E+00 9.476235307E-01 7.953305238E-01 6.876877216E-01 6.258397446E-01
 6.108260603E-01 6.436025969E-01 7.250429874E-01 8.559158529E-01 1.036834836E+00
 1.268178762E+00 1.549980699E+00 1.881787270E+00 2.262493723E+00 2.690166297E+00
 3.161870975E+00 3.673535933E+00 4.219881848E+00 4.794456796E+00 5.389807740E+00
 5.997806291E+00 6.610123287E+00 7.218819138E+00 7.816992837E+00 8.399421114E+00
 8.963126776E+00 9.507708890E+00 1.003350987E+01 1.054080526E+01 1.102981255E+01
 1.150069888E+01 1.195358837E+01 1.238856947E+01 1.280570210E+01 1.320502457E+01
 1.358656029E+01 1.395032436E+01 1.429633000E+01 1.462459493E+01 1.493514796E+01
 1.522803545E+01 1.550332806E+01 1.576112735E+01 1.600157229E+01 1.622484530E+01
 1.643117767E+01 1.662085388E+01 1.679421462E+01 1.695165816E+01 1.193282773E+01
 1.210759947E+01 1.235717403E+01 1.268216787E+01 1.308337250E+01 1.356174752E+01
 1.411841213E+01 1.475463527E+01 1.547182467E+01 1.627151602E+01 1.715536396E+01
 1.812513867E+01 1.918273488E+01 2.033020492E+01 2.156983383E+01 2.290427510E+01
 2.433673954E+01 2.587122717E+01 2.752221650E+01 2.847524354E+01 2.792393270E+01
 2.740843060E+01 2.689526696E+01 2.638357581E+01 2.587324680E+01 2.536455984E+01
 2.485804470E+01 2.435433764E+01 2.385408127E+01 2.335786591E+01 2.286619937E+01
 2.237949412E+01 2.189806451E+01 2.142212947E+01 2.095181814E+01 2.048717686E+01
 2.002817656E+01 1.957472010E+01 1.912664921E+01 1.868375088E+01 1.824576306E+01
 1.781237973E+01 1.738325527E+01 1.695800812E+01 1.653622382E+01 1.611745748E+01
 1.570123563E+01 1.528705748E+01 1.487439577E+01 1.446269704E+01 1.405138147E+01
 1.363984225E+01 1.322744451E+01 1.281352383E+01 1.239738427E+01 1.197829598E+01
 1.155549237E+01 1.112816674E+01 1.069546848E+01 1.025649869E+01 9.810305209E+00
 9.355877113E+00 8.892138434E+00 8.417941224E+00 7.932540332E+00 7.436268219E+00
 6.930487882E+00 6.417509680E+00 5.900472663E+00 5.383191539E+00 4.869976546E+00
 4.365438425E+00 3.874293379E+00 3.401183090E+00 2.950522578E+00 2.526384681E+00
 2.132425134E+00 1.771847548E+00 1.447403823E+00 1.161423048E+00 9.158606885E-01
 7.123598387E-01 5.523168636E-01 4.369448363E-01 3.673291982E-01 3.444709832E-01
 3.693135654E-01 4.427492152E-01 5.656018733E-01 7.385826537E-01 9.622149447E-01
 1.236726992E+00 1.561911974E+00 1.936959320E+00 2.360266747E+00 2.829250160E+00
 3.340177498E+00 3.888060981E+00 4.466647189E+00 5.068542399E+00 5.685498707E+00
 6.308863953E+00 6.930169063E+00 7.541797668E+00 8.137665209E+00 8.713836469E+00
 9.269035171E+00 9.803859469E+00 1.031884605E+01 1.081443563E+01 1.129098622E+01
 1.174878611E+01 1.218806595E+01 1.260900993E+01 1.301176594E+01 1.339645499E+01
 1.376317988E+01 1.411203337E+01 1.444310583E+01 1.475649252E+01 1.505230065E+01
 1.533065596E+01 1.559170904E+01 1.583564121E+01 1.606266964E+01 1.627305191E+01
 1.646708941E+01 1.664512970E+01 1.680756758E+01 1.193408298E+01 1.211055649E+01
 1.236252240E+01 1.269056126E+01 1.309541597E+01 1.357798317E+01 1.413930225E+01
 1.478054194E+01 1.550298431E+01 1.630800632E+01 1.719705962E+01 1.817165053E+01
 1.923332614E+01 2.038368117E+01 2.162442347E+01 2.295758931E+01 2.438609400E+01
 2.591467718E+01 2.753695352E+01 2.842564675E+01 2.797582068E+01 2.747594298E+01
 2.697723888E+01 2.647769271E+01 2.597681241E+01 2.547516342E+01 2.497369355E+01
 2.447341179E+01 2.397525616E+01 2.348004535E+01 2.298846546E+01 2.250107140E+01
 2.201829421E+01 2.154045056E+01 2.106775283E+01 2.060031895E+01 2.013818179E+01
 1.968129781E+01 1.922955495E+01 1.878277981E+01 1.834074390E+01 1.790316924E+01
 1.746973318E+01 1.704007244E+01 1.661378657E+01 1.619044067E+01 1.576956757E+01
 1.535066935E+01 1.493321835E+01 1.451665769E+01 1.410040118E+01 1.368383286E+01
 1.326630591E+01 1.284714125E+01 1.242562554E+01 1.200100872E+01 1.157250112E+01
 1.113926998E+01 1.070043545E+01 1.025506610E+01 9.802173753E+00 9.340707695E+00
 8.869548258E+00 8.387499639E+00 7.893834430E+00 7.388936507E+00 6.874246053E+00
 6.352170992E+00 5.825961187E+00 5.299547034E+00 4.777350558E+00 4.264082149E+00
 3.764538737E+00 3.283419121E+00 2.825169578E+00 2.393868489E+00 1.993153594E+00
 1.626190669E+00 1.295678556E+00 1.003883045E+00 7.526910356E-01 5.436764344E-01
 3.781700663E-01 2.573269885E-01 1.821857620E-01 1.537151822E-01 1.728445925E-01
 2.404741996E-01 3.574618436E-01 5.245826379E-01 7.424580445E-01 1.011451686E+00
 1.331530987E+00 1.702097126E+00 2.121791220E+00 2.588292301E+00 3.098131925E+00
 3.646559651E+00 4.227500256E+00 4.833643692E+00 5.456698928E+00 6.087821359E+00
 6.718193190E+00 7.339704341E+00 7.945658907E+00 8.531428686E+00 9.094995614E+00
 9.636893950E+00 1.015788835E+01 1.065860632E+01 1.113956155E+01 1.160117382E+01
 1.204378617E+01 1.246767983E+01 1.287308746E+01 1.326020477E+01 1.362920108E+01
 1.398022880E+01 1.431343210E+01 1.462895493E+01 1.492694838E+01 1.520757739E+01
 1.547102702E+01 1.571750789E+01 1.594726104E+01 1.616056189E+01 1.635772330E+01
 1.653909763E+01 1.670507766E+01 1.193482373E+01 1.211230085E+01 1.236567569E+01
 1.269550600E+01 1.310250370E+01 1.358752477E+01 1.415155625E+01 1.479569952E+01
 1.552114912E+01 1.632916559E+01 1.722104023E+01 1.819804805E+01 1.926138332E+01
 2.041206900E+01 2.165083191E+01 2.297796402E+01 2.439340286E+01 2.589833238E+01
 2.748166720E+01 2.834396976E+01 2.795355207E+01 2.748612741E+01 2.700989393E+01
 2.652478952E+01 2.603327911E+01 2.553784857E+01 2.504054516E+01 2.454301054E+01
 2.404656276E+01 2.355226194E+01 2.306095700E+01 2.257331931E+01 2.208986770E+01
 2.161098800E+01 2.113694894E+01 2.066791548E+01 2.020396035E+01 1.974507402E+01
 1.929117355E+01 1.884211031E+01 1.839767681E+01 1.795761261E+01 1.752160942E+01
 1.708931549E+01 1.666033921E+01 1.623425209E+01 1.581059108E+01 1.538886027E+01
 1.496853203E+01 1.454904761E+01 1.412981718E+01 1.371021935E+01 1.328960026E+01
 1.286727203E+01 1.244251086E+01 1.201455454E+01 1.158259947E+01 1.114579712E+01
 1.070325000E+01 1.025400701E+01 9.797058179E+00 9.331328788E+00 8.855672808E+00
 8.368865639E+00 7.870193552E+00 7.360073318E+00 6.839993689E+00 6.312423422E+00
 5.780680983E+00 5.248767910E+00 4.721174472E+00 4.202671354E+00 3.698103716E+00
 3.212203763E+00 2.749435104E+00 2.313877603E+00 1.909156107E+00 1.538411477E+00
 1.204308509E+00 9.090728879E-01 6.545483592E-01 4.422654242E-01 2.735137774E-01
 1.494118972E-01 7.096842391E-02 3.913093129E-02 5.481832941E-02 1.189334084E-01
 2.323520207E-01 3.958852777E-01 6.102111686E-01 8.757725785E-01 1.192640266E+00
 1.560342524E+00 1.977668496E+00 2.442459668E+00 2.951413519E+00 3.499933238E+00
 4.082065019E+00 4.690565940E+00 5.317136884E+00 5.952834380E+00 6.588644650E+00
 7.216169591E+00 7.828348904E+00 8.420135795E+00 8.989061323E+00 9.535475722E+00
 1.006029587E+01 1.056427309E+01 1.104802320E+01 1.151205138E+01 1.195677297E+01
 1.238253118E+01 1.278961234E+01 1.317825920E+01 1.354868264E+01 1.390107206E+01
 1.423560481E+01 1.455245454E+01 1.485179892E+01 1.513382644E+01 1.539874267E+01
 1.564677556E+01 1.587818014E+01 1.609324229E+01 1.629228160E+01 1.647565329E+01
 1.664374912E+01 1.193506853E+01 1.211287721E+01 1.236671726E+01 1.269713862E+01
 1.310484251E+01 1.359067080E+01 1.415559219E+01 1.480068410E+01 1.552710925E+01
 1.633608451E+01 1.722883829E+01 1.820654912E+01 1.927025080E+01 2.042067227E+01
 2.165793526E+01 2.298089334E+01 2.438535486E+01 2.585714166E+01 2.731292145E+01
 2.810095950E+01 2.788914995E+01 2.747319882E+01 2.701481706E+01 2.653784690E+01
 2.605073897E+01 2.555795054E+01 2.506232061E+01 2.456585868E+01 2.407007454E+01
 2.357613826E+01 2.308496747E+01 2.259727984E+01 2.211362752E+01 2.163442170E+01
 2.115995128E+01 2.069039773E+01 2.022584760E+01 1.976630308E+01 1.931169117E+01
 1.886187170E+01 1.841664434E+01 1.797575459E+01 1.753889909E+01 1.710572999E+01
 1.667585873E+01 1.624885901E+01 1.582426921E+01 1.540159415E+01 1.498030625E+01
 1.455984617E+01 1.413962289E+01 1.371901325E+01 1.329736101E+01 1.287397539E+01
 1.244812911E+01 1.201905589E+01 1.158594747E+01 1.114795006E+01 1.070416026E+01
 1.025362039E+01 9.795313195E+00 9.328155924E+00 8.850993747E+00 8.362592452E+00
 7.862243396E+00 7.350374665E+00 6.828491588E+00 6.299083585E+00 5.765492345E+00
 5.231743408E+00 4.702349981E+00 4.182102922E+00 3.675863425E+00 3.188374673E+00
 2.724105804E+00 2.287136861E+00 1.881088033E+00 1.509091506E+00 1.173800356E+00
 8.774265472E-01 6.217991076E-01 4.084337601E-01 2.386061941E-01 1.134224066E-01
 3.388077174E-02 9.214806916E-04 1.545963206E-02 7.839851260E-02 1.906195843E-01
 3.529455437E-01 5.660728139E-01 8.304703396E-01 1.146243075E+00 1.512961639E+00
 1.929464778E+00 2.393648817E+00 2.902267768E+00 3.450777848E+00 4.033268125E+00
 4.642520902E+00 5.270237412E+00 5.907444128E+00 6.545064323E+00 7.174605444E+00
 7.788886389E+00 8.382720864E+00 8.953489957E+00 9.501456557E+00 1.002759024E+01
 1.053268542E+01 1.101739342E+01 1.148224901E+01 1.192769251E+01 1.235408843E+01
 1.276174152E+01 1.315091058E+01 1.352182062E+01 1.387467361E+01 1.420965808E+01
 1.452695771E+01 1.482675904E+01 1.510925845E+01 1.537466830E+01 1.562322231E+01
 1.585518013E+01 1.607083107E+01 1.627049695E+01 1.645453395E+01 1.662333353E+01
 1.193482373E+01 1.211230085E+01 1.236567569E+01 1.269550600E+01 1.310250370E+01
 1.358752477E+01 1.415155625E+01 1.479569952E+01 1.552114912E+01 1.632916560E+01
 1.722104024E+01 1.819804806E+01 1.926138333E+01 2.041206901E+01 2.165083192E+01
 2.297796403E+01 2.439340287E+01 2.589833239E+01 2.748166722E+01 2.834396977E+01
 2.795355208E+01 2.748612743E+01 2.700989394E+01 2.652478954E+01 2.603327913E+01
 2.553784859E+01 2.504054518E+01 2.454301055E+01 2.404656278E+01 2.355226195E+01
 2.306095702E+01 2.257331933E+01 2.208986773E+01 2.161098803E+01 2.113694896E+01
 2.066791550E+01 2.020396037E+01 1.974507404E+01 1.929117357E+01 1.884211034E+01
 1.839767684E+01 1.795761264E+01 1.752160945E+01 1.708931552E+01 1.666033923E+01
 1.623425212E+01 1.581059110E+01 1.538886029E+01 1.496853205E+01 1.454904763E+01
 1.412981720E+01 1.371021938E+01 1.328960028E+01 1.286727205E+01 1.244251088E+01
 1.201455456E+01 1.158259949E+01 1.114579714E+01 1.070325002E+01 1.025400703E+01
 9.797058200E+00 9.331328807E+00 8.855672827E+00 8.368865657E+00 7.870193568E+00
 7.360073333E+00 6.839993703E+00 6.312423436E+00 5.780680996E+00 5.248767923E+00
 4.721174486E+00 4.202671370E+00 3.698103734E+00 3.212203785E+00 2.749435130E+00
 2.313877635E+00 1.909156145E+00 1.538411523E+00 1.204308564E+00 9.090729527E-01
 6.545484348E-01 4.422655117E-01 2.735138778E-01 1.494120115E-01 7.096855321E-02
 3.913107673E-02 5.481849219E-02 1.189335898E-01 2.323522221E-01 3.958855004E-01
 6.102114144E-01 8.757728489E-01 1.192640562E+00 1.560342848E+00 1.977668850E+00
 2.442460054E+00 2.951413937E+00 3.499933689E+00 4.082065503E+00 4.690566458E+00
 5.317137434E+00 5.952834960E+00 6.588645259E+00 7.216170226E+00 7.828349564E+00
 8.420136480E+00 8.989062034E+00 9.535476462E+00 1.006029664E+01 1.056427389E+01
 1.104802404E+01 1.151205226E+01 1.195677389E+01 1.238253214E+01 1.278961334E+01
 1.317826024E+01 1.354868372E+01 1.390107319E+01 1.423560597E+01 1.455245574E+01
 1.485180015E+01 1.513382771E+01 1.539874396E+01 1.564677688E+01 1.587818149E+01
 1.609324366E+01 1.629228299E+01 1.647565469E+01 1.664375053E+01 1.193408298E+01
 1.211055649E+01 1.236252240E+01 1.269056126E+01 1.309541597E+01 1.357798317E+01
 1.413930226E+01 1.478054194E+01 1.550298431E+01 1.630800633E+01 1.719705963E+01
 1.817165054E+01 1.923332615E+01 2.038368118E+01 2.162442349E+01 2.295758933E+01
 2.438609402E+01 2.591467720E+01 2.753695355E+01 2.842564677E+01 2.797582071E+01
 2.747594300E+01 2.697723891E+01 2.647769274E+01 2.597681244E+01 2.547516345E+01
 2.497369359E+01 2.447341182E+01 2.397525620E+01 2.348004539E+01 2.298846550E+01
 2.250107144E+01 2.201829425E+01 2.154045061E+01 2.106775288E+01 2.060031900E+01
 2.013818184E+01 1.968129785E+01 1.922955500E+01 1.878277986E+01 1.834074395E+01
 1.790316929E+01 1.746973322E+01 1.704007248E+01 1.661378661E+01 1.619044072E+01
 1.576956762E+01 1.535066939E+01 1.493321840E+01 1.451665773E+01 1.410040123E+01
 1.368383290E+01 1.326630596E+01 1.284714130E+01 1.242562559E+01 1.200100877E+01
 1.157250117E+01 1.113927002E+01 1.070043549E+01 1.025506614E+01 9.802173794E+00
 9.340707734E+00 8.869548295E+00 8.387499674E+00 7.893834463E+00 7.388936538E+00
 6.874246083E+00 6.352171020E+00 5.825961214E+00 5.299547061E+00 4.777350587E+00
 4.264082181E+00 3.764538774E+00 3.283419164E+00 2.825169630E+00 2.393868552E+00
 1.993153671E+00 1.626190761E+00 1.295678665E+00 1.003883173E+00 7.526911853E-01
 5.436766076E-01 3.781702651E-01 2.573272149E-01 1.821860182E-01 1.537154705E-01
 1.728449154E-01 2.404745595E-01 3.574622433E-01 5.245830803E-01 7.424585328E-01
 1.011452223E+00 1.331531577E+00 1.702097772E+00 2.121791925E+00 2.588293067E+00
 3.098132755E+00 3.646560548E+00 4.227501219E+00 4.833644721E+00 5.456700020E+00
 6.087822512E+00 6.718194398E+00 7.339705602E+00 7.945660218E+00 8.531430046E+00
 9.094997029E+00 9.636895425E+00 1.015788989E+01 1.065860793E+01 1.113956323E+01
 1.160117558E+01 1.204378801E+01 1.246768175E+01 1.287308946E+01 1.326020686E+01
 1.362920325E+01 1.398023104E+01 1.431343442E+01 1.462895733E+01 1.492695085E+01
 1.520757993E+01 1.547102962E+01 1.571751055E+01 1.594726375E+01 1.616056464E+01
 1.635772609E+01 1.653910045E+01 1.670508049E+01 1.193282773E+01 1.210759947E+01
 1.235717403E+01 1.268216787E+01 1.308337251E+01 1.356174752E+01 1.411841214E+01
 1.475463528E+01 1.547182468E+01 1.627151603E+01 1.715536397E+01 1.812513869E+01
 1.918273490E+01 2.033020494E+01 2.156983385E+01 2.290427512E+01 2.433673956E+01
 2.587122720E+01 2.752221653E+01 2.847524357E+01 2.792393274E+01 2.740843065E+01
 2.689526700E+01 2.638357586E+01 2.587324685E+01 2.536455989E+01 2.485804476E+01
 2.435433769E+01 2.385408133E+01 2.335786597E+01 2.286619943E+01 2.237949419E+01
 2.189806457E+01 2.142212953E+01 2.095181820E+01 2.048717693E+01 2.002817662E+01
 1.957472017E+01 1.912664928E+01 1.868375095E+01 1.824576313E+01 1.781237981E+01
 1.738325535E+01 1.695800819E+01 1.653622389E+01 1.611745755E+01 1.570123570E+01
 1.528705755E+01 1.487439584E+01 1.446269711E+01 1.405138154E+01 1.363984232E+01
 1.322744458E+01 1.281352390E+01 1.239738434E+01 1.197829605E+01 1.155549243E+01
 1.112816681E+01 1.069546855E+01 1.025649875E+01 9.810305271E+00 9.355877173E+00
 8.892138492E+00 8.417941278E+00 7.932540383E+00 7.436268267E+00 6.930487927E+00
 6.417509723E+00 5.900472705E+00 5.383191581E+00 4.869976591E+00 4.365438474E+00
 3.874293435E+00 3.401183156E+00 2.950522657E+00 2.526384775E+00 2.132425248E+00
 1.771847683E+00 1.447403984E+00 1.161423237E+00 9.158609094E-01 7.123600943E-01
 5.523171570E-01 4.369451708E-01 3.673295769E-01 3.444714097E-01 3.693140433E-01
 4.427497482E-01 5.656024657E-01 7.385833097E-01 9.622156691E-01 1.236727790E+00
 1.561912850E+00 1.936960279E+00 2.360267794E+00 2.829251298E+00 3.340178732E+00
 3.888062313E+00 4.466648618E+00 5.068543924E+00 5.685500325E+00 6.308865660E+00
 6.930170852E+00 7.541799535E+00 8.137667152E+00 8.713838488E+00 9.269037275E+00
 9.803861667E+00 1.031884835E+01 1.081443804E+01 1.129098874E+01 1.174878874E+01
 1.218806871E+01 1.260901281E+01 1.301176894E+01 1.339645812E+01 1.376318313E+01
 1.411203675E+01 1.444310932E+01 1.475649614E+01 1.505230437E+01 1.533065978E+01
 1.559171297E+01 1.583564522E+01 1.606267373E+01 1.627305606E+01 1.646709361E+01
 1.664513394E+01 1.680757186E+01 1.193102850E+01 1.210335892E+01 1.234949862E+01
 1.267011075E+01 1.306604945E+01 1.353835467E+01 1.408824576E+01 1.471711424E+01
 1.542651605E+01 1.621816424E+01 1.709392350E+01 1.805580880E+01 1.910599121E+01
 2.024681403E+01 2.148082022E+01 2.281078390E+01 2.423972330E+01 2.577107879E+01
 2.743330358E+01 2.843783594E+01 2.780519918E+01 2.727898260E+01 2.675539403E+01
 2.623410763E+01 2.571563410E+01 2.520048306E+01 2.468917948E+01 2.418224513E+01
 2.368016886E+01 2.318338120E+01 2.269223787E+01 2.220701162E+01 2.172789032E+01
 2.125497936E+01 2.078830639E+01 2.032782751E+01 1.987343392E+01 1.942495854E+01
 1.898218230E+01 1.854483992E+01 1.811262502E+01 1.768519463E+01 1.726217296E+01
 1.684315463E+01 1.642770717E+01 1.601537308E+01 1.560567124E+01 1.519809791E+01
 1.479212721E+01 1.438721117E+01 1.398277940E+01 1.357823831E+01 1.317296996E+01
 1.276633054E+01 1.235764844E+01 1.194622192E+01 1.153131640E+01 1.111216130E+01
 1.068794641E+01 1.025781780E+01 9.820873173E+00 9.376156660E+00 8.922652919E+00
 8.459280555E+00 7.985279506E+00 7.500917095E+00 7.007455890E+00 6.507077464E+00
 6.002773027E+00 5.498201396E+00 4.997520564E+00 4.505203789E+00 4.025853910E+00
 3.564030013E+00 3.124098758E+00 2.710119127E+00 2.325764965E+00 1.974285273E+00
 1.658498572E+00 1.380815082E+00 1.143279125E+00 9.476238642E-01 7.953309067E-01
 6.876881584E-01 6.258402395E-01 6.108266182E-01 6.436032224E-01 7.250436859E-01
 8.559166298E-01 1.036835697E+00 1.268179713E+00 1.549981748E+00 1.881788422E+00
 2.262494984E+00 2.690167674E+00 3.161872472E+00 3.673537555E+00 4.219883597E+00
 4.794458672E+00 5.389809741E+00 5.997808412E+00 6.610125522E+00 7.218821480E+00
 7.816995283E+00 8.399423662E+00 8.963129432E+00 9.507711665E+00 1.003351278E+01
 1.054080830E+01 1.102981574E+01 1.150070222E+01 1.195359187E+01 1.238857314E+01
 1.280570594E+01 1.320502857E+01 1.358656447E+01 1.395032871E+01 1.429633451E+01
 1.462459962E+01 1.493515280E+01 1.522804044E+01 1.550333319E+01 1.576113262E+01
 1.600157768E+01 1.622485080E+01 1.643118326E+01 1.662085954E+01 1.679422033E+01
 1.695166391E+01 1.192864670E+01 1.209774225E+01 1.233932429E+01 1.265411078E+01
 1.304302922E+01 1.350721290E+01 1.404799627E+01 1.466690932E+01 1.536567116E+01
 1.614618307E+01 1.701052146E+01 1.796093135E+01 1.899982041E+01 2.012975321E+01
 2.135344234E+01 2.267372987E+01 2.409354890E+01 2.561598614E+01 2.725777678E+01
 2.820829522E+01 2.762221750E+01 2.708680772E+01 2.655399853E+01 2.602437119E+01
 2.549882059E+01 2.497807866E+01 2.446275233E+01 2.395334474E+01 2.345026348E+01
 2.295382351E+01 2.246424938E+01 2.198167869E+01 2.150616715E+01 2.103769494E+01
 2.057617383E+01 2.012145450E+01 1.967333365E+01 1.923156065E+01 1.879584357E+01
 1.836585453E+01 1.794123419E+01 1.752159570E+01 1.710652778E+01 1.669559734E+01
 1.628835140E+01 1.588431854E+01 1.548300986E+01 1.508391951E+01 1.468652482E+01
 1.429028605E+01 1.389464578E+01 1.349902806E+01 1.310283706E+01 1.270545561E+01
 1.230624325E+01 1.190453405E+01 1.149963405E+01 1.109081833E+01 1.067732775E+01
 1.025836514E+01 9.833091146E+00 9.400619465E+00 8.960011516E+00 8.510270407E+00
 8.050632329E+00 7.581291842E+00 7.103394779E+00 6.618969988E+00 6.130830788E+00
 5.642445957E+00 5.157785322E+00 4.681149421E+00 4.216995507E+00 3.769772846E+00
 3.343778941E+00 2.943045318E+00 2.571257612E+00 2.231710637E+00 1.927295640E+00
 1.660514343E+00 1.433512894E+00 1.248128319E+00 1.105940283E+00 1.008321568E+00
 9.564814945E-01 9.514972772E-01 9.943288804E-01 1.085813462E+00 1.226635897E+00
 1.417272471E+00 1.657905903E+00 1.948311702E+00 2.287718969E+00 2.674653378E+00
 3.106776173E+00 3.580740270E+00 4.092091519E+00 4.635247867E+00 5.203588807E+00
 5.789679648E+00 6.385638771E+00 6.983633164E+00 7.576463325E+00 8.158180989E+00
 8.724679424E+00 9.274210637E+00 9.806739582E+00 1.032226830E+01 1.082078667E+01
 1.130226791E+01 1.176666798E+01 1.221392710E+01 1.264397235E+01 1.305672096E+01
 1.345208399E+01 1.382997022E+01 1.419029038E+01 1.453296166E+01 1.485791268E+01
 1.516508907E+01 1.545445966E+01 1.572602333E+01 1.597981644E+01 1.621592053E+01
 1.643447006E+01 1.663565949E+01 1.681974939E+01 1.698707073E+01 1.713802711E+01
 1.192563681E+01 1.209064031E+01 1.232644863E+01 1.263384014E+01 1.301382321E+01
 1.346763403E+01 1.399673370E+01 1.460280392E+01 1.528774123E+01 1.605364936E+01
 1.690282930E+01 1.783776652E+01 1.886111444E+01 1.997567265E+01 2.118435765E+01
 2.249016289E+01 2.389610398E+01 2.540504951E+01 2.700904947E+01 2.787575954E+01
 2.737464466E+01 2.682983966E+01 2.628777078E+01 2.575022360E+01 2.521829462E+01
 2.469283467E+01 2.417449052E+01 2.366373615E+01 2.316089768E+01 2.266617365E+01
 2.217965206E+01 2.170132532E+01 2.123110359E+01 2.076882685E+01 2.031427565E+01
 1.986718060E+01 1.942723064E+01 1.899408002E+01 1.856735425E+01 1.814665492E+01
 1.773156362E+01 1.732164504E+01 1.691644936E+01 1.651551399E+01 1.611836477E+01
 1.572451675E+01 1.533347454E+01 1.494473229E+01 1.455777336E+01 1.417206977E+01
 1.378708126E+01 1.340225429E+01 1.301702058E+01 1.263079561E+01 1.224297679E+01
 1.185294137E+01 1.146004412E+01 1.106361477E+01 1.066295501E+01 1.025733534E+01
 9.845991323E+00 9.428119562E+00 9.002873083E+00 8.569356136E+00 8.126820910E+00
 7.675388397E+00 7.216079348E+00 6.750754474E+00 6.282027596E+00 5.813150899E+00
 5.347876165E+00 4.890299897E+00 4.444702990E+00 4.015396533E+00 3.606584506E+00
 3.222251704E+00 2.866081916E+00 2.541407737E+00 2.251190119E+00 1.998023233E+00
 1.784158573E+00 1.611541508E+00 1.481853423E+00 1.396553019E+00 1.356910957E+00
 1.364032708E+00 1.418865124E+00 1.522182813E+00 1.674551095E+00 1.876263256E+00
 2.127251351E+00 2.426972172E+00 2.774273648E+00 3.167251816E+00 3.603114562E+00
 4.078074676E+00 4.587299981E+00 5.124950228E+00 5.684326849E+00 6.258150921E+00
 6.838967232E+00 7.419651216E+00 7.993976508E+00 8.557190889E+00 9.106552966E+00
 9.641378963E+00 1.016133210E+01 1.066610619E+01 1.115541624E+01 1.162899198E+01
 1.208657384E+01 1.252791091E+01 1.295276016E+01 1.336088659E+01 1.375206385E+01
 1.412607543E+01 1.448271622E+01 1.482179490E+01 1.514313712E+01 1.544658988E+01
 1.573202736E+01 1.599935816E+01 1.624853417E+01 1.647956045E+01 1.669250581E+01
 1.688751318E+01 1.706480883E+01 1.722470937E+01 1.736762563E+01 1.192194879E+01
 1.208193303E+01 1.231064880E+01 1.260893759E+01 1.297789278E+01 1.341885971E+01
 1.393343489E+01 1.452346383E+01 1.519103654E+01 1.593848013E+01 1.676834703E+01
 1.768339794E+01 1.868657781E+01 1.978098347E+01 2.096982157E+01 2.225635573E+01
 2.364384105E+01 2.513521580E+01 2.670956875E+01 2.753227221E+01 2.706000365E+01
 2.650415526E+01 2.595231831E+01 2.540695222E+01 2.486922931E+01 2.434001531E+01
 2.381991573E+01 2.330931358E+01 2.280840543E+01 2.231723414E+01 2.183571774E+01
 2.136367429E+01 2.090084294E+01 2.044690144E+01 2.000148045E+01 1.956417508E+01
 1.913455409E+01 1.871216699E+01 1.829654954E+01 1.788722778E+01 1.748372103E+01
 1.708554391E+01 1.669220768E+01 1.630322098E+01 1.591809012E+01 1.553631899E+01
 1.515740870E+01 1.478085694E+01 1.440615713E+01 1.403279747E+01 1.366025973E+01
 1.328801797E+01 1.291553712E+01 1.254227133E+01 1.216766233E+01 1.179113750E+01
 1.141210783E+01 1.102996575E+01 1.064408261E+01 1.025380611E+01 9.858457289E+00
 9.457327287E+00 9.049673716E+00 8.634716551E+00 8.211751271E+00 7.780831365E+00
 7.342852417E+00 6.899500744E+00 6.453178405E+00 6.006903202E+00 5.564186406E+00
 5.128894540E+00 4.705104190E+00 4.296959945E+00 3.908545123E+00 3.543773196E+00
 3.206305004E+00 2.899493765E+00 2.626356847E+00 2.389570863E+00 2.191484907E+00
 2.034145829E+00 1.919329192E+00 1.848569683E+00 1.823185297E+00 1.844290150E+00
 1.912791499E+00 2.029367293E+00 2.194421532E+00 2.408016107E+00 2.669779771E+00
 2.978797838E+00 3.333490187E+00 3.731490097E+00 4.169541957E+00 4.643440813E+00
 5.148039623E+00 5.677348938E+00 6.224747046E+00 6.783305918E+00 7.346221244E+00
 7.907317337E+00 8.461585265E+00 9.005710756E+00 9.538389914E+00 1.005889819E+01
 1.056658643E+01 1.106086436E+01 1.154118912E+01 1.200705717E+01 1.245799874E+01
 1.289357383E+01 1.331336924E+01 1.371699626E+01 1.410408857E+01 1.447430053E+01
 1.482730582E+01 1.516279694E+01 1.548048592E+01 1.578010698E+01 1.606142151E+01
 1.632422607E+01 1.656836319E+01 1.679373505E+01 1.700031895E+01 1.718818348E+01
 1.735750359E+01 1.750857271E+01 1.764181002E+01 1.191753096E+01 1.207149603E+01
 1.229169301E+01 1.257902544E+01 1.293467153E+01 1.336008737E+01 1.385700969E+01
 1.442745728E+01 1.507372990E+01 1.579840337E+01 1.660431887E+01 1.749456465E+01
 1.847244794E+01 1.954145523E+01 2.070519950E+01 2.196735426E+01 2.333157460E+01
 2.480127407E+01 2.636534528E+01 2.719071382E+01 2.667309702E+01 2.610387216E+01
 2.554170058E+01 2.498867491E+01 2.444593380E+01 2.391425104E+01 2.339408745E+01
 2.288564120E+01 2.238889739E+01 2.190367381E+01 2.142966111E+01 2.096645653E+01
 2.051359139E+01 2.007055273E+01 1.963679996E+01 1.921177728E+01 1.879492267E+01
 1.838567419E+01 1.798347420E+01 1.758777200E+01 1.719802520E+01 1.681370034E+01
 1.643427277E+01 1.605922612E+01 1.568805145E+01 1.532024618E+01 1.495531288E+01
 1.459275791E+01 1.423209008E+01 1.387281919E+01 1.351445457E+01 1.315650356E+01
 1.279847003E+01 1.243985279E+01 1.208014400E+01 1.171882754E+01 1.135537729E+01
 1.098925537E+01 1.061991026E+01 1.024677485E+01 9.869264259E+00 9.486773624E+00
 9.098675572E+00 8.704317502E+00 8.303070717E+00 7.894933494E+00 7.480684008E+00
 7.061836916E+00 6.640579788E+00 6.219687614E+00 5.802417065E+00 5.392385400E+00
 4.993441274E+00 4.609536007E+00 4.244603761E+00 3.902457864E+00 3.586708307E+00
 3.300702824E+00 3.047491318E+00 2.829811104E+00 2.650088714E+00 2.510452956E+00
 2.412753425E+00 2.358578679E+00 2.349268614E+00 2.385916136E+00 2.469353988E+00
 2.600123553E+00 2.778423728E+00 3.004039800E+00 3.276254682E+00 3.593748240E+00
 3.954494487E+00 4.355671112E+00 4.793600152E+00 5.263741728E+00 5.760762877E+00
 6.278699526E+00 6.811220637E+00 7.351990430E+00 7.895109862E+00 8.435606353E+00
 8.969935788E+00 9.496371879E+00 1.001380658E+01 1.052123530E+01 1.101774017E+01
 1.150247728E+01 1.197466730E+01 1.243358854E+01 1.287857183E+01 1.330899623E+01
 1.372428507E+01 1.412390181E+01 1.450734541E+01 1.487414530E+01 1.522385617E+01
 1.555605334E+01 1.587032948E+01 1.616629399E+01 1.644357618E+01 1.670183338E+01
 1.694076465E+01 1.716013009E+01 1.735977470E+01 1.753965482E+01 1.769986406E+01
 1.784065510E+01 1.796245406E+01 1.191233364E+01 1.205920899E+01 1.226935520E+01
 1.254373156E+01 1.288359452E+01 1.329050538E+01 1.376633844E+01 1.431328865E+01
 1.493387701E+01 1.563095212E+01 1.640768495E+01 1.726755411E+01 1.821431800E+01
 1.925197061E+01 2.038467842E+01 2.161669737E+01 2.295227264E+01 2.439562300E+01
 2.596040059E+01 2.683121469E+01 2.620539087E+01 2.562095348E+01 2.504812810E+01
 2.448799443E+01 2.394153431E+01 2.340929484E+01 2.289145479E+01 2.238789821E+01
 2.189828452E+01 2.142211059E+01 2.095876262E+01 2.050755767E+01 2.006777532E+01
 1.963868105E+01 1.921954258E+01 1.880964094E+01 1.840827726E+01 1.801477670E+01
 1.762849003E+01 1.724879386E+01 1.687508972E+01 1.650680256E+01 1.614337889E+01
 1.578428463E+01 1.542900293E+01 1.507703198E+01 1.472788288E+01 1.438107757E+01
 1.403614686E+01 1.369262856E+01 1.335006575E+01 1.300800510E+01 1.266599529E+01
 1.232358551E+01 1.198032405E+01 1.163575692E+01 1.128942657E+01 1.094087057E+01
 1.058962038E+01 1.023520016E+01 9.877125515E+00 9.514902308E+00 9.148025444E+00
 8.775977675E+00 8.398240442E+00 8.014774195E+00 7.626254205E+00 7.234034246E+00
 6.840093572E+00 6.446965079E+00 6.057645463E+00 5.675490940E+00 5.304104240E+00
 4.947219843E+00 4.608594661E+00 4.291910562E+00 4.000693487E+00 3.738251789E+00
 3.507634171E+00 3.311605516E+00 3.152637269E+00 3.032907866E+00 2.954308147E+00
 2.918446496E+00 2.926648735E+00 2.979948333E+00 3.079063351E+00 3.224357757E+00
 3.415786339E+00 3.652824633E+00 3.934388120E+00 4.258748348E+00 4.623457577E+00
 5.025297293E+00 5.460268815E+00 5.923645033E+00 6.410099903E+00 6.913926066E+00
 7.429341032E+00 7.950870630E+00 8.473788051E+00 8.994581077E+00 9.511320918E+00
 1.002255976E+01 1.052696040E+01 1.102328331E+01 1.151037645E+01 1.198716794E+01
 1.245266090E+01 1.290592997E+01 1.334611855E+01 1.377243595E+01 1.418415372E+01
 1.458060033E+01 1.496115409E+01 1.532523393E+01 1.567228880E+01 1.600178645E+01
 1.631320319E+01 1.660601683E+01 1.687970502E+01 1.713375173E+01 1.736766379E+01
 1.758099834E+01 1.777340059E+01 1.794464837E+01 1.809469850E+01 1.822372769E+01
 1.833216089E+01 1.190631393E+01 1.204496692E+01 1.224343511E+01 1.250272015E+01
 1.282414093E+01 1.320934728E+01 1.366033593E+01 1.417946745E+01 1.476948266E+01
 1.543351619E+01 1.617510371E+01 1.699817835E+01 1.790705073E+01 1.890636626E+01
 2.000103356E+01 2.119611987E+01 2.249671558E+01 2.390800605E+01 2.545983206E+01
 2.636477820E+01 2.564502771E+01 2.504482810E+01 2.446160950E+01 2.389570535E+01
 2.334776525E+01 2.281791014E+01 2.230583961E+01 2.181094498E+01 2.133240887E+01
 2.086928672E+01 2.042056951E+01 1.998522950E+01 1.956225170E+01 1.915065421E+01
 1.874950023E+01 1.835790403E+01 1.797503289E+01 1.760010625E+01 1.723239318E+01
 1.687120895E+01 1.651591097E+01 1.616589471E+01 1.582058962E+01 1.547945518E+01
 1.514197728E+01 1.480766484E+01 1.447604675E+01 1.414666906E+01 1.381909251E+01
 1.349289026E+01 1.316764591E+01 1.284295170E+01 1.251840694E+01 1.219361665E+01
 1.186819034E+01 1.154174095E+01 1.121388398E+01 1.088423676E+01 1.055241789E+01
 1.021804677E+01 9.880743346E+00 9.540127979E+00 9.195821488E+00 8.847445332E+00
 8.494621906E+00 8.137295884E+00 7.776059293E+00 7.412122107E+00 7.047268821E+00
 6.683799030E+00 6.324452274E+00 5.972319620E+00 5.630746314E+00 5.303231018E+00
 4.993327557E+00 4.704554647E+00 4.440317894E+00 4.203846725E+00 3.998147034E+00
 3.825968543E+00 3.689784358E+00 3.591779093E+00 3.533841276E+00 3.517555552E+00
 3.544190381E+00 3.614677572E+00 3.729580921E+00 3.889052694E+00 4.092778538E+00
 4.339913864E+00 4.629017632E+00 4.957992775E+00 5.324045672E+00 5.723679681E+00
 6.152738763E+00 6.606515902E+00 7.079936708E+00 7.567821302E+00 8.065218299E+00
 8.567795399E+00 9.072268127E+00 9.576660995E+00 1.007925571E+01 1.057843221E+01
 1.107266026E+01 1.156049377E+01 1.204056760E+01 1.251159680E+01 1.297237765E+01
 1.342178962E+01 1.385879737E+01 1.428245137E+01 1.469188615E+01 1.508631501E+01
 1.546502038E+01 1.582733955E+01 1.617264611E+01 1.650032822E+01 1.680976607E+01
 1.710031192E+01 1.737127709E+01 1.762193134E+01 1.785151945E+01 1.805929902E+01
 1.824459996E+01 1.840690167E+01 1.854591843E+01 1.866167893E+01 1.875458410E+01
 1.189944190E+01 1.202869478E+01 1.221378505E+01 1.245573417E+01 1.275589525E+01
 1.311597426E+01 1.353805584E+01 1.402463312E+01 1.457864031E+01 1.520348583E+01
 1.590308205E+01 1.668186578E+01 1.754480081E+01 1.849735092E+01 1.954540993E+01
 2.069517538E+01 2.195295960E+01 2.332507792E+01 2.483146113E+01 2.566435078E+01
 2.497706007E+01 2.436175908E+01 2.376946949E+01 2.320049375E+01 2.265484777E+01
 2.213190579E+01 2.163059470E+01 2.114956747E+01 2.068733956E+01 2.024238764E+01
 1.981321574E+01 1.939839600E+01 1.899659081E+01 1.860656229E+01 1.822717359E+01
 1.785738506E+01 1.749624777E+01 1.714289554E+01 1.679653663E+01 1.645644552E+01
 1.612195524E+01 1.579245014E+01 1.546735955E+01 1.514615197E+01 1.482833001E+01
 1.451342588E+01 1.420099755E+01 1.389062527E+01 1.358190870E+01 1.327446437E+01
 1.296792354E+01 1.266193034E+01 1.235614037E+01 1.205021940E+01 1.174384250E+01
 1.143669332E+01 1.112846369E+01 1.081885345E+01 1.050757057E+01 1.019433149E+01
 9.878861800E+00 9.560897216E+00 9.240184886E+00 8.916485027E+00 8.589572894E+00
 8.259413473E+00 7.926536605E+00 7.592029016E+00 7.257499031E+00 6.925027938E+00
 6.597107830E+00 6.276567552E+00 5.966489880E+00 5.670124186E+00 5.390799261E+00
 5.131840843E+00 4.896497537E+00 4.687877668E+00 4.508898054E+00 4.362244277E+00
 4.250340661E+00 4.175327197E+00 4.139040009E+00 4.142991778E+00 4.188348766E+00
 4.275901756E+00 4.406029334E+00 4.578653518E+00 4.793189762E+00 5.048495848E+00
 5.342826879E+00 5.673806342E+00 6.038425390E+00 6.433083658E+00 6.853684209E+00
 7.295792324E+00 7.754862700E+00 8.226533393E+00 8.706978006E+00 9.193294037E+00
 9.683511347E+00 1.017573070E+01 1.066812063E+01 1.115891329E+01 1.164640294E+01
 1.212894738E+01 1.260497255E+01 1.307297979E+01 1.353155522E+01 1.397937998E+01
 1.441523988E+01 1.483803271E+01 1.524677118E+01 1.564057963E+01 1.601868290E+01
 1.638038608E+01 1.672504498E+01 1.705202833E+01 1.736067418E+01 1.765024550E+01
 1.791989233E+01 1.816863018E+01 1.839534648E+01 1.859884603E+01 1.877794229E+01
 1.893159211E+01 1.905905833E+01 1.916007093E+01 1.923495046E+01 1.189170803E+01
 1.201036548E+01 1.218034354E+01 1.240265020E+01 1.267862962E+01 1.300999117E+01
 1.339884635E+01 1.384775417E+01 1.435977480E+01 1.493853059E+01 1.558827173E+01
 1.631394038E+01 1.712122234E+01 1.801656811E+01 1.900715637E+01 2.010076630E+01
 2.130552449E+01 2.262941617E+01 2.406948330E+01 2.479731199E+01 2.418275927E+01
 2.355384145E+01 2.295570206E+01 2.238866132E+01 2.185153580E+01 2.134242333E+01
 2.085904497E+01 2.039899594E+01 1.995991088E+01 1.953956016E+01 1.913589727E+01
 1.874707463E+01 1.837144075E+01 1.800752731E+01 1.765403176E+01 1.730979858E+01
 1.697380096E+01 1.664512394E+01 1.632294917E+01 1.600654157E+01 1.569523768E+01
 1.538843570E+01 1.508558680E+01 1.478618783E+01 1.448977504E+01 1.419591876E+01
 1.390421890E+01 1.361430115E+01 1.332581381E+01 1.303842516E+01 1.275182133E+01
 1.246570453E+01 1.217979178E+01 1.189381392E+01 1.160751502E+01 1.132065210E+01
 1.103299522E+01 1.074432783E+01 1.045444762E+01 1.016316761E+01 9.870317742E+00
 9.575746926E+00 9.279325595E+00 8.980948885E+00 8.680540544E+00 8.378127893E+00
 8.074199428E+00 7.769740508E+00 7.466204634E+00 7.165473803E+00 6.869807437E+00
 6.581780851E+00 6.304215415E+00 6.040103558E+00 5.792532205E+00 5.564608248E+00
 5.359389151E+00 5.179820928E+00 5.028684607E+00 4.908551148E+00 4.821743692E+00
 4.770305225E+00 4.755969167E+00 4.780130359E+00 4.843814164E+00 4.947642188E+00
 5.091794302E+00 5.275968297E+00 5.499340496E+00 5.760532895E+00 6.057594688E+00
 6.388007910E+00 6.748728067E+00 7.136270369E+00 7.546850310E+00 7.976583583E+00
 8.421744854E+00 8.879083657E+00 9.346214600E+00 9.821139927E+00 1.030188570E+01
 1.078649994E+01 1.127305163E+01 1.175963174E+01 1.224435762E+01 1.272538163E+01
 1.320090417E+01 1.366919097E+01 1.412859368E+01 1.457757219E+01 1.501471668E+01
 1.543876646E+01 1.584862257E+01 1.624335082E+01 1.662217196E+01 1.698443637E+01
 1.732958127E+01 1.765707019E+01 1.796631642E+01 1.825659564E+01 1.852695769E+01
 1.877615370E+01 1.900260189E+01 1.920442030E+01 1.937955342E+01 1.952600428E+01
 1.964215317E+01 1.972710262E+01 1.978095763E+01 1.188313133E+01 1.199001984E+01
 1.214317345E+01 1.234354278E+01 1.259240396E+01 1.289139423E+01 1.324255899E+01
 1.364841254E+01 1.411201464E+01 1.463706540E+01 1.522801965E+01 1.589021916E+01
 1.663003482E+01 1.745499820E+01 1.837388102E+01 1.939665109E+01 2.053420181E+01
 2.179752378E+01 2.317333864E+01 2.383311079E+01 2.323699251E+01 2.259744308E+01
 2.200019197E+01 2.144406004E+01 2.092558397E+01 2.044072819E+01 1.998542019E+01
 1.955584884E+01 1.914859835E+01 1.876068202E+01 1.838952325E+01 1.803291328E+01
 1.768896208E+01 1.735605049E+01 1.703278711E+01 1.671797120E+01 1.641056129E+01
 1.610964905E+01 1.581443765E+01 1.552422395E+01 1.523838365E+01 1.495635924E+01
 1.467764984E+01 1.440180292E+01 1.412840738E+01 1.385708785E+01 1.358750002E+01
 1.331932670E+01 1.305227476E+01 1.278607253E+01 1.252046791E+01 1.225522683E+01
 1.199013221E+01 1.172498339E+01 1.145959586E+01 1.119380144E+01 1.092744884E+01
 1.066040465E+01 1.039255470E+01 1.012380594E+01 9.854088811E+00 9.583360237E+00
 9.311607228E+00 9.038851340E+00 8.765154098E+00 8.490638920E+00 8.215772814E+00
 7.941461363E+00 7.669025287E+00 7.400168150E+00 7.136934518E+00 6.881659009E+00
 6.636907688E+00 6.405414021E+00 6.190012082E+00 5.993569779E+00 5.818924605E+00
 5.668823824E+00 5.545870220E+00 5.452473691E+00 5.390808140E+00 5.362772525E+00
 5.369954577E+00 5.413595684E+00 5.494555868E+00 5.613278563E+00 5.769756136E+00
 5.963498621E+00 6.193509948E+00 6.458277780E+00 6.755784663E+00 7.083549271E+00
 7.438706605E+00 7.818134954E+00 8.218635455E+00 8.637167481E+00 9.071126789E+00
 9.518572261E+00 9.977571162E+00 1.044617673E+01 1.092241851E+01 1.140429670E+01
 1.188978038E+01 1.237681016E+01 1.286330654E+01 1.334718495E+01 1.382637804E+01
 1.429886517E+01 1.476270814E+01 1.521609128E+01 1.565736277E+01 1.608507312E+01
 1.649800594E+01 1.689519543E+01 1.727592488E+01 1.763970102E+01 1.798619919E+01
 1.831517591E+01 1.862634713E+01 1.891923377E+01 1.919298282E+01 1.944618361E+01
 1.967671702E+01 1.988169933E+01 2.005760209E+01 2.020062276E+01 2.030731947E+01
 2.037539935E+01 2.040441620E+01 1.187376690E+01 1.196778544E+01 1.210249923E+01
 1.227874934E+01 1.249767164E+01 1.276073522E+01 1.306979493E+01 1.342716203E+01
 1.383569844E+01 1.429894197E+01 1.482127177E+01 1.540812453E+01 1.606627026E+01
 1.680414668E+01 1.763222166E+01 1.856328510E+01 1.961244352E+01 2.079629924E+01
 2.211675499E+01 2.275137991E+01 2.210326153E+01 2.146087180E+01 2.087812481E+01
 2.034883199E+01 1.986525534E+01 1.942000181E+01 1.900661195E+01 1.861968796E+01
 1.825481185E+01 1.790839404E+01 1.757751734E+01 1.725980036E+01 1.695328587E+01
 1.665635249E+01 1.636764576E+01 1.608602466E+01 1.581052000E+01 1.554030197E+01
 1.527465464E+01 1.501295588E+01 1.475466130E+01 1.449929151E+01 1.424642174E+01
 1.399567361E+01 1.374670831E+01 1.349922121E+01 1.325293741E+01 1.300760825E+01
 1.276300852E+01 1.251893429E+01 1.227520135E+01 1.203164409E+01 1.178811488E+01
 1.154448388E+01 1.130063922E+01 1.105648766E+01 1.081195563E+01 1.056699069E+01
 1.032156350E+01 1.007567032E+01 9.829335986E+00 9.582617637E+00 9.335609120E+00
 9.088446267E+00 8.841313148E+00 8.594449463E+00 8.348318926E+00 8.103767082E+00
 7.862002698E+00 7.624571603E+00 7.393322423E+00 7.170364399E+00 6.958018236E+00
 6.758761527E+00 6.575170705E+00 6.409861606E+00 6.265430631E+00 6.144398091E+00
 6.049154859E+00 5.981912831E+00 5.944659184E+00 5.939114006E+00 5.966690737E+00
 6.028458971E+00 6.125109658E+00 6.256923560E+00 6.423744941E+00 6.624963842E+00
 6.859511705E+00 7.125876457E+00 7.422144093E+00 7.746074124E+00 8.095215847E+00
 8.467070281E+00 8.859301757E+00 9.270038502E+00 9.697607679E+00 1.014027344E+01
 1.059623777E+01 1.106363131E+01 1.154050296E+01 1.202481133E+01 1.251442017E+01
 1.300709985E+01 1.350053715E+01 1.399235518E+01 1.448014507E+01 1.496151007E+01
 1.543412147E+01 1.589578420E+01 1.634450795E+01 1.677857801E+01 1.719661805E+01
 1.759763642E+01 1.798104660E+01 1.834665287E+01 1.869459254E+01 1.902522634E+01
 1.933896839E+01 1.963604724E+01 1.991619168E+01 2.017824537E+01 2.041974335E+01
 2.063654535E+01 2.082271932E+01 2.097096463E+01 2.107382956E+01 2.112564351E+01
 2.112449123E+01 1.186371103E+01 1.194388989E+01 1.205873421E+01 1.220892074E+01
 1.239536729E+01 1.261926794E+01 1.288214228E+01 1.318590407E+01 1.353295688E+01
 1.392632882E+01 1.436986439E+01 1.486850126E+01 1.542867360E+01 1.605890085E+01
 1.677063161E+01 1.757937551E+01 1.850594246E+01 1.957703137E+01 2.083215788E+01
 2.147822633E+01 2.072548088E+01 2.010148763E+01 1.956108449E+01 1.908666891E+01
 1.866319089E+01 1.827892755E+01 1.792512016E+01 1.759527759E+01 1.728455436E+01
 1.698928336E+01 1.670664435E+01 1.643443263E+01 1.617089747E+01 1.591462817E+01
 1.566447280E+01 1.541947927E+01 1.517885210E+01 1.494192011E+01 1.470811208E+01
 1.447693803E+01 1.424797473E+01 1.402085441E+01 1.379525579E+01 1.357089699E+01
 1.334752989E+01 1.312493565E+01 1.290292117E+01 1.268131634E+01 1.245997195E+01
 1.223875817E+01 1.201756354E+01 1.179629443E+01 1.157487490E+01 1.135324700E+01
 1.113137146E+01 1.090922877E+01 1.068682069E+01 1.046417221E+01 1.024133397E+01
 1.001838518E+01 9.795437213E+00 9.572637728E+00 9.350175646E+00 9.128286928E+00
 8.907261335E+00 8.687450264E+00 8.469339261E+00 8.253729112E+00 8.041734396E+00
 7.834762115E+00 7.634483456E+00 7.442798712E+00 7.261795954E+00 7.093704498E+00
 6.940844574E+00 6.805574742E+00 6.690238620E+00 6.597112269E+00 6.528353316E+00
 6.485952540E+00 6.471688341E+00 6.487084360E+00 6.533370462E+00 6.611447613E+00
 6.721857634E+00 6.864759625E+00 7.039915815E+00 7.246690687E+00 7.484068274E+00
 7.750693409E+00 8.044943161E+00 8.365034386E+00 8.709175657E+00 9.075762522E+00
 9.463510789E+00 9.871047925E+00 1.029693152E+01 1.073962940E+01 1.119750226E+01
 1.166878513E+01 1.215156864E+01 1.264378202E+01 1.314318044E+01 1.364733999E+01
 1.415366371E+01 1.465940257E+01 1.516169480E+01 1.565762596E+01 1.614431071E+01
 1.661899435E+01 1.707916909E+01 1.752269660E+01 1.794792526E+01 1.835378835E+01
 1.873986895E+01 1.910641804E+01 1.945431362E+01 1.978494935E+01 2.010003809E+01
 2.040130808E+01 2.069005475E+01 2.096649350E+01 2.122885661E+01 2.147223985E+01
 2.168743979E+01 2.186054411E+01 2.197465975E+01 2.201484477E+01 2.197474108E+01
 1.185310182E+01 1.191866324E+01 1.201248759E+01 1.213503826E+01 1.228694407E+01
 1.246902403E+01 1.268232241E+01 1.292815870E+01 1.320819924E+01 1.352456226E+01
 1.387997568E+01 1.427802233E+01 1.472353485E+01 1.522325946E+01 1.578702264E+01
 1.642987102E+01 1.717607054E+01 1.806620591E+01 1.918844963E+01 1.982218061E+01
 1.901325289E+01 1.846649439E+01 1.802580669E+01 1.765282275E+01 1.732472577E+01
 1.702771435E+01 1.675311010E+01 1.649519926E+01 1.625005484E+01 1.601487409E+01
 1.578759053E+01 1.556663753E+01 1.535079891E+01 1.513911133E+01 1.493079868E+01
 1.472522666E+01 1.452187075E+01 1.432029281E+01 1.412012397E+01 1.392105162E+01
 1.372280952E+01 1.352517014E+01 1.332793866E+01 1.313094830E+01 1.293405664E+01
 1.273714275E+01 1.254010506E+01 1.234285972E+01 1.214533950E+01 1.194749313E+01
 1.174928505E+01 1.155069548E+01 1.135172094E+01 1.115237503E+01 1.095268962E+01
 1.075271642E+01 1.055252887E+01 1.035222451E+01 1.015192778E+01 9.951793302E+00
 9.752009738E+00 9.552804289E+00 9.354447888E+00 9.157261251E+00 8.961621881E+00
 8.767972266E+00 8.576843096E+00 8.389001662E+00 8.205482844E+00 8.027571360E+00
 7.856778276E+00 7.694811655E+00 7.543541681E+00 7.404960954E+00 7.281140971E+00
 7.174185968E+00 7.086185362E+00 7.019165982E+00 6.975045147E+00 6.955585526E+00
 6.962352576E+00 6.996675373E+00 7.059611767E+00 7.151919108E+00 7.274032337E+00
 7.426051864E+00 7.607744518E+00 7.818561641E+00 8.057679208E+00 8.324065333E+00
 8.616582029E+00 8.934118353E+00 9.275795609E+00 9.640709969E+00 1.002788780E+01
 1.043626872E+01 1.086469101E+01 1.131186991E+01 1.177637131E+01 1.225658172E+01
 1.275067617E+01 1.325658613E+01 1.377197087E+01 1.429419671E+01 1.482032990E+01
 1.534714972E+01 1.587118881E+01 1.638880730E+01 1.689630478E+01 1.739007073E+01
 1.786676799E+01 1.832353725E+01 1.875820423E+01 1.916946673E+01 1.955703787E+01
 1.992172557E+01 2.026543465E+01 2.059108431E+01 2.090243530E+01 2.120380908E+01
 2.149964680E+01 2.179378027E+01 2.208814771E+01 2.238048232E+01 2.266040049E+01
 2.290414798E+01 2.307200936E+01 2.311860002E+01 2.302038421E+01 1.184211393E+01
 1.189252553E+01 1.196454214E+01 1.205837973E+01 1.217432837E+01 1.231276088E+01
 1.247414464E+01 1.265905814E+01 1.286821446E+01 1.310249564E+01 1.336300521E+01
 1.365115240E+01 1.396879546E+01 1.431850280E+01 1.470407167E+01 1.513168326E+01
 1.561293747E+01 1.617532868E+01 1.692695747E+01 1.738454858E+01 1.683203401E+01
 1.652841723E+01 1.628820728E+01 1.607653478E+01 1.588079579E+01 1.569502695E+01
 1.551594152E+01 1.534153037E+01 1.517046680E+01 1.500182025E+01 1.483490593E+01
 1.466920055E+01 1.450429243E+01 1.433985068E+01 1.417560531E+01 1.401133375E+01
 1.384685163E+01 1.368200589E+01 1.351666979E+01 1.335073897E+01 1.318412842E+01
 1.301677010E+01 1.284861099E+01 1.267961167E+01 1.250974519E+01 1.233899626E+01
 1.216736083E+01 1.199484583E+01 1.182146924E+01 1.164726043E+01 1.147226075E+01
 1.129652431E+01 1.112011912E+01 1.094312848E+01 1.076565258E+01 1.058781053E+01
 1.040974263E+01 1.023161303E+01 1.005361279E+01 9.875963419E+00 9.698920872E+00
 9.522780117E+00 9.347880369E+00 9.174611038E+00 9.003418520E+00 8.834813958E+00
 8.669382117E+00 8.507865832E+00 8.351232105E+00 8.200657633E+00 8.057509302E+00
 7.923319590E+00 7.799757092E+00 7.688592722E+00 7.591662298E+00 7.510826501E+00
 7.447929193E+00 7.404755230E+00 7.382988817E+00 7.384173534E+00 7.409675134E+00
 7.460648376E+00 7.538009365E+00 7.642415214E+00 7.774253360E+00 7.933643439E+00
 8.120455305E+00 8.334347421E+00 8.574830849E+00 8.841361180E+00 9.133494854E+00
 9.450824316E+00 9.792867355E+00 1.015907755E+01 1.054883392E+01 1.096142390E+01
 1.139602025E+01 1.185165087E+01 1.232716103E+01 1.282116852E+01 1.333201232E+01
 1.385769734E+01 1.439583840E+01 1.494360959E+01 1.549770701E+01 1.605433591E+01
 1.660923538E+01 1.715775487E+01 1.769499501E+01 1.821602014E+01 1.871614009E+01
 1.919124524E+01 1.963816408E+01 2.005500150E+01 2.044141283E+01 2.079877761E+01
 2.113025727E+01 2.144074600E+01 2.173674738E+01 2.202621868E+01 2.231841040E+01
 2.262366149E+01 2.295291243E+01 2.331610940E+01 2.371693096E+01 2.413680605E+01
 2.449714402E+01 2.462982783E+01 2.440692253E+01 1.183094712E+01 1.186595883E+01
 1.191580075E+01 1.198042930E+01 1.205977860E+01 1.215375127E+01 1.226220423E+01
 1.238492721E+01 1.252160975E+01 1.267179026E+01 1.283477555E+01 1.300951001E+01
 1.319435413E+01 1.338668773E+01 1.358214218E+01 1.377295093E+01 1.394385130E+01
 1.405955482E+01 1.400690703E+01 1.395840845E+01 1.433587777E+01 1.444483132E+01
 1.446597861E+01 1.444333054E+01 1.439475672E+01 1.432910565E+01 1.425134137E+01
 1.416448963E+01 1.407050404E+01 1.397069994E+01 1.386599199E+01 1.375703357E+01
 1.364430297E+01 1.352815879E+01 1.340887677E+01 1.328667475E+01 1.316172982E+01
 1.303419046E+01 1.290418494E+01 1.277182751E+01 1.263722271E+01 1.250046870E+01
 1.236165967E+01 1.222088783E+01 1.207824493E+01 1.193382371E+01 1.178771918E+01
 1.164002983E+01 1.149085892E+01 1.134031582E+01 1.118851744E+01 1.103558979E+01
 1.088166969E+01 1.072690670E+01 1.057146517E+01 1.041552663E+01 1.025929238E+01
 1.010298635E+01 9.946858396E+00 9.791187838E+00 9.636287517E+00 9.482508280E+00
 9.330243990E+00 9.179937150E+00 9.032085167E+00 8.887247352E+00 8.746052685E+00
 8.609231575E+00 8.477691716E+00 8.352513696E+00 8.234934769E+00 8.126328239E+00
 8.028178639E+00 7.942053130E+00 7.869569723E+00 7.812363121E+00 7.772049113E+00
 7.750188563E+00 7.748252119E+00 7.767586906E+00 7.809386556E+00 7.874666173E+00
 7.964244100E+00 8.078732715E+00 8.218540996E+00 8.383892069E+00 8.574859886E+00
 8.791428356E+00 9.033589147E+00 9.301381507E+00 9.594776410E+00 9.913705157E+00
 1.025805396E+01 1.062765856E+01 1.102229233E+01 1.144164679E+01 1.188530344E+01
 1.235269561E+01 1.284305877E+01 1.335536832E+01 1.388826431E+01 1.443996382E+01
 1.500816359E+01 1.558993880E+01 1.618164824E+01 1.677886170E+01 1.737633220E+01
 1.796804124E+01 1.854734782E+01 1.910726782E+01 1.964089477E+01 2.014194648E+01
 2.060538616E+01 2.102803412E+01 2.140907074E+01 2.175034753E+01 2.205647098E+01
 2.233469336E+01 2.259471312E+01 2.284854370E+01 2.311065726E+01 2.339868622E+01
 2.373514580E+01 2.415108210E+01 2.469347220E+01 2.543829763E+01 2.647818762E+01
 2.735927509E+01 2.645628620E+01 1.181981052E+01 1.183946799E+01 1.186720966E+01
 1.190274416E+01 1.194566820E+01 1.199544281E+01 1.205135836E+01 1.211248335E+01
 1.217758891E+01 1.224503607E+01 1.231260481E+01 1.237722886E+01 1.243457367E+01
 1.247834421E+01 1.249911476E+01 1.248230848E+01 1.240477131E+01 1.222967198E+01
 1.188999728E+01 1.173414708E+01 1.223756187E+01 1.254098377E+01 1.273929320E+01
 1.286616572E+01 1.294359753E+01 1.298565040E+01 1.300144653E+01 1.299707748E+01
 1.297673641E+01 1.294339242E+01 1.289920276E+01 1.284577259E+01 1.278432344E+01
 1.271580527E+01 1.264097263E+01 1.256043733E+01 1.247470553E+01 1.238420422E+01
 1.228930035E+01 1.219031485E+01 1.208753311E+01 1.198121293E+01 1.187159059E+01
 1.175888573E+01 1.164330526E+01 1.152504671E+01 1.140430103E+01 1.128125516E+01
 1.115609443E+01 1.102900479E+01 1.090017502E+01 1.076979899E+01 1.063807790E+01
 1.050522266E+01 1.037145636E+01 1.023701696E+01 1.010216003E+01 9.967161887E+00
 9.832322833E+00 9.697970763E+00 9.564465067E+00 9.432200899E+00 9.301613848E+00
 9.173185049E+00 9.047446790E+00 8.924988646E+00 8.806464219E+00 8.692601032E+00
 8.584253833E+00 8.482417271E+00 8.388212415E+00 8.302869583E+00 8.227707650E+00
 8.164110179E+00 8.113498919E+00 8.077305418E+00 8.056941601E+00 8.053770379E+00
 8.069077462E+00 8.104045752E+00 8.159733869E+00 8.237060658E+00 8.336797826E+00
 8.459573218E+00 8.605888051E+00 8.776150792E+00 8.970737055E+00 9.190044360E+00
 9.434417034E+00 9.704175929E+00 9.999619916E+00 1.032103166E+01 1.066867796E+01
 1.104280520E+01 1.144362835E+01 1.187131158E+01 1.232593859E+01 1.280746981E+01
 1.331568363E+01 1.385009836E+01 1.440987145E+01 1.499367338E+01 1.559953506E+01
 1.622467122E+01 1.686528840E+01 1.751639616E+01 1.817165393E+01 1.882330366E+01
 1.946225447E+01 2.007839322E+01 2.066118018E+01 2.120054032E+01 2.168797586E+01
 2.211772656E+01 2.248773674E+01 2.280020336E+01 2.306159377E+01 2.328219761E+01
 2.347543733E+01 2.365725353E+01 2.384591002E+01 2.406260948E+01 2.433353235E+01
 2.469466237E+01 2.520311711E+01 2.596652084E+01 2.722157011E+01 2.884777829E+01
 2.719352156E+01 1.180890564E+01 1.181353840E+01 1.181967545E+01 1.182680926E+01
 1.183424685E+01 1.184107839E+01 1.184613218E+01 1.184791060E+01 1.184449918E+01
 1.183343670E+01 1.181152893E+01 1.177458037E+01 1.171700814E+01 1.163129299E+01
 1.150722673E+01 1.133097543E+01 1.108419641E+01 1.074390435E+01 1.027789227E+01
 1.007860496E+01 1.055544494E+01 1.091812921E+01 1.120070985E+01 1.141818053E+01
 1.158400253E+01 1.170905520E+01 1.180166526E+01 1.186808433E+01 1.191299932E+01
 1.193995100E+01 1.195164767E+01 1.195019206E+01 1.193724349E+01 1.191413358E+01
 1.188194917E+01 1.184159216E+01 1.179382297E+01 1.173929253E+01 1.167856605E+01
 1.161214084E+01 1.154045997E+01 1.146392283E+01 1.138289348E+01 1.129770734E+01
 1.120867679E+01 1.111609574E+01 1.102024371E+01 1.092138941E+01 1.081979392E+01
 1.071571375E+01 1.060940365E+01 1.050111943E+01 1.039112062E+01 1.027967329E+01
 1.016705276E+01 1.005354650E+01 9.939457076E+00 9.825105291E+00 9.710833443E+00
 9.597008811E+00 9.484027353E+00 9.372317659E+00 9.262345168E+00 9.154616685E+00
 9.049685189E+00 8.948154970E+00 8.850687039E+00 8.758004807E+00 8.670916226E+00
 8.590339058E+00 8.517290785E+00 8.452874623E+00 8.398262614E+00 8.354676170E+00
 8.323364603E+00 8.305582352E+00 8.302565793E+00 8.315510668E+00 8.345551395E+00
 8.393743719E+00 8.461052408E+00 8.548345960E+00 8.656401060E+00 8.785918362E+00
 8.937557732E+00 9.111976910E+00 9.309792784E+00 9.531606928E+00 9.778012943E+00
 1.004960858E+01 1.034700498E+01 1.067083431E+01 1.102175424E+01 1.140044815E+01
 1.180761932E+01 1.224397694E+01 1.271021103E+01 1.320695257E+01 1.373471384E+01
 1.429380288E+01 1.488420455E+01 1.550541935E+01 1.615625088E+01 1.683453434E+01
 1.753680348E+01 1.825790591E+01 1.899059957E+01 1.972520038E+01 2.044940323E+01
 2.114845179E+01 2.180585858E+01 2.240482021E+01 2.293028819E+01 2.337135562E+01
 2.372333945E+01 2.398888703E+01 2.417773735E+01 2.430528935E+01 2.439055943E+01
 2.445421517E+01 2.451717055E+01 2.459989370E+01 2.472221211E+01 2.490279430E+01
 2.515561277E+01 2.547415021E+01 2.577853013E+01 2.583504907E+01 2.543180484E+01
 1.179841213E+01 1.178860043E+01 1.177399581E+01 1.175391733E+01 1.172744563E+01
 1.169339141E+01 1.165025177E+01 1.159615052E+01 1.152875734E+01 1.144517901E+01
 1.134181416E+01 1.121416290E+01 1.105658481E+01 1.086201054E+01 1.062164083E+01
 1.032472828E+01 9.958638168E+00 9.509514940E+00 8.966489724E+00 8.739014083E+00
 9.159688515E+00 9.534131323E+00 9.851718156E+00 1.011802185E+01 1.033969081E+01
 1.052318169E+01 1.067420148E+01 1.079755195E+01 1.089717698E+01 1.097628661E+01
 1.103749399E+01 1.108293860E+01 1.111438801E+01 1.113331833E+01 1.114097655E+01
 1.113842841E+01 1.112659505E+01 1.110628120E+01 1.107819699E+01 1.104297501E+01
 1.100118386E+01 1.095333894E+01 1.089991136E+01 1.084133524E+01 1.077801398E+01
 1.071032553E+01 1.063862716E+01 1.056325959E+01 1.048455083E+01 1.040281969E+01
 1.031837911E+01 1.023153925E+01 1.014261066E+01 1.005190718E+01 9.959748976E+00
 9.866465502E+00 9.772398555E+00 9.677905362E+00 9.583361774E+00 9.489165570E+00
 9.395739884E+00 9.303536783E+00 9.213040989E+00 9.124773752E+00 9.039296878E+00
 8.957216865E+00 8.879189152E+00 8.805922388E+00 8.738185115E+00 8.676825805E+00
 8.622769943E+00 8.577008892E+00 8.540586462E+00 8.514583590E+00 8.500101642E+00
 8.498245082E+00 8.510104364E+00 8.536740170E+00 8.579170225E+00 8.638360327E+00
 8.715221496E+00 8.810614140E+00 8.925367783E+00 9.060297736E+00 9.216189781E+00
 9.393819581E+00 9.593961343E+00 9.817401358E+00 1.006495123E+01 1.033746179E+01
 1.063583690E+01 1.096104647E+01 1.131413803E+01 1.169624568E+01 1.210859478E+01
 1.255250023E+01 1.302935530E+01 1.354060634E+01 1.408770740E+01 1.467204590E+01
 1.529482729E+01 1.595690248E+01 1.665851640E+01 1.739895128E+01 1.817603461E+01
 1.898548583E+01 1.982009620E+01 2.066878966E+01 2.151572107E+01 2.233974489E+01
 2.311479884E+01 2.381185361E+01 2.440281256E+01 2.486589048E+01 2.519081284E+01
 2.538159279E+01 2.545552549E+01 2.543897520E+01 2.536197203E+01 2.525358856E+01
 2.513898339E+01 2.503788456E+01 2.496362627E+01 2.492151416E+01 2.490507997E+01
 2.488940350E+01 2.482541368E+01 2.465072912E+01 2.432972558E+01 1.178847888E+01
 1.176500804E+01 1.173081891E+01 1.168510139E+01 1.162677339E+01 1.155445504E+01
 1.146643453E+01 1.136062418E+01 1.123450480E+01 1.108505699E+01 1.090867837E+01
 1.070108842E+01 1.045722715E+01 1.017116383E+01 9.836047256E+00 9.444151249E+00
 8.987090112E+00 8.456405376E+00 7.855030551E+00 7.597909370E+00 7.966447406E+00
 8.334850348E+00 8.664179084E+00 8.955446876E+00 9.211225937E+00 9.434572506E+00
 9.628620566E+00 9.796348639E+00 9.940469995E+00 1.006339943E+01 1.016726121E+01
 1.025391565E+01 1.032499191E+01 1.038192033E+01 1.042596190E+01 1.045823367E+01
 1.047973038E+01 1.049134250E+01 1.049387144E+01 1.048804220E+01 1.047451420E+01
 1.045389040E+01 1.042672522E+01 1.039353144E+01 1.035478627E+01 1.031093673E+01
 1.026240457E+01 1.020959070E+01 1.015287925E+01 1.009264138E+01 1.002923891E+01
 9.963027612E+00 9.894360560E+00 9.823591218E+00 9.751076543E+00 9.677180009E+00
 9.602274633E+00 9.526745986E+00 9.450995241E+00 9.375442245E+00 9.300528642E+00
 9.226721050E+00 9.154514272E+00 9.084434561E+00 9.017042885E+00 8.952938178E+00
 8.892760515E+00 8.837194136E+00 8.786970220E+00 8.742874937E+00 8.705752472E+00
 8.676496626E+00 8.656040659E+00 8.645345817E+00 8.645389144E+00 8.657151269E+00
 8.681605112E+00 8.719706664E+00 8.772388910E+00 8.840560657E+00 8.925116141E+00
 9.026933329E+00 9.146874156E+00 9.285794984E+00 9.444553713E+00 9.624021356E+00
 9.825094775E+00 1.004871147E+01 1.029586599E+01 1.056762797E+01 1.086516154E+01
 1.118974585E+01 1.154279636E+01 1.192588629E+01 1.234076707E+01 1.278938649E+01
 1.327390183E+01 1.379668430E+01 1.436030881E+01 1.496752000E+01 1.562116027E+01
 1.632403856E+01 1.707870702E+01 1.788709654E+01 1.874994006E+01 1.966588481E+01
 2.063017176E+01 2.163276791E+01 2.265594290E+01 2.367161256E+01 2.463948521E+01
 2.550809344E+01 2.622137089E+01 2.673169210E+01 2.701522642E+01 2.708080292E+01
 2.696606607E+01 2.672386266E+01 2.640761878E+01 2.606196478E+01 2.571931093E+01
 2.540004300E+01 2.511388733E+01 2.486099375E+01 2.463236169E+01 2.441036621E+01
 2.417138105E+01 2.389258401E+01 2.356150953E+01 1.177922178E+01 1.174303379E+01
 1.169063607E+01 1.162112714E+01 1.153331453E+01 1.142569737E+01 1.129644526E+01
 1.114337380E+01 1.096391811E+01 1.075510639E+01 1.051353729E+01 1.023536701E+01
 9.916314813E+00 9.551697891E+00 9.136507176E+00 8.665531755E+00 8.133532140E+00
 7.535628545E+00 6.881857540E+00 6.589293661E+00 6.920022506E+00 7.276093458E+00
 7.606926406E+00 7.911059895E+00 8.188479609E+00 8.439782049E+00 8.666001812E+00
 8.868454786E+00 9.048607320E+00 9.207978366E+00 9.348072726E+00 9.470339326E+00
 9.576147705E+00 9.666776869E+00 9.743412079E+00 9.807146486E+00 9.858985564E+00
 9.899853025E+00 9.930597418E+00 9.951998911E+00 9.964775987E+00 9.969591889E+00
 9.967060735E+00 9.957753286E+00 9.942202333E+00 9.920907753E+00 9.894341217E+00
 9.862950601E+00 9.827164124E+00 9.787394234E+00 9.744041279E+00 9.697496989E+00
 9.648147803E+00 9.596378057E+00 9.542573065E+00 9.487122119E+00 9.430421409E+00
 9.372876913E+00 9.314907233E+00 9.256946414E+00 9.199446739E+00 9.142881497E+00
 9.087747720E+00 9.034568868E+00 8.983897429E+00 8.936317402E+00 8.892446588E+00
 8.852938617E+00 8.818484598E+00 8.789814958E+00 8.767701912E+00 8.752954522E+00
 8.746411498E+00 8.748933283E+00 8.761393985E+00 8.784673850E+00 8.819653174E+00
 8.867209797E+00 8.928219178E+00 9.003549545E+00 9.094064843E+00 9.200628076E+00
 9.324106223E+00 9.465378123E+00 9.625344181E+00 9.804938564E+00 1.000514376E+01
 1.022700767E+01 1.047166336E+01 1.074035169E+01 1.103444691E+01 1.135548574E+01
 1.170519976E+01 1.208555174E+01 1.249877562E+01 1.294742022E+01 1.343439579E+01
 1.396302213E+01 1.453707515E+01 1.516082632E+01 1.583906520E+01 1.657708718E+01
 1.738061534E+01 1.825560149E+01 1.920780981E+01 2.024201401E+01 2.136051837E+01
 2.256052806E+01 2.382967586E+01 2.513897449E+01 2.643335041E+01 2.762336623E+01
 2.858888215E+01 2.920971000E+01 2.942046981E+01 2.924847844E+01 2.879530013E+01
 2.818262428E+01 2.751075087E+01 2.684597905E+01 2.622520225E+01 2.566468399E+01
 2.516730228E+01 2.472728860E+01 2.433318273E+01 2.397007567E+01 2.362206133E+01
 2.327523086E+01 2.292056398E+01 1.177072684E+01 1.172287778E+01 1.165380175E+01
 1.156253317E+01 1.144780466E+01 1.130803767E+01 1.114133314E+01 1.094546432E+01
 1.071787463E+01 1.045568540E+01 1.015572005E+01 9.814553763E+00 9.428599439E+00
 8.994240261E+00 8.508011038E+00 7.966807277E+00 7.368057487E+00 6.709897447E+00
 6.003325057E+00 5.668127650E+00 5.978789771E+00 6.322130219E+00 6.651851926E+00
 6.964630701E+00 7.258283958E+00 7.531395711E+00 7.783306063E+00 8.013985164E+00
 8.223871674E+00 8.413723118E+00 8.584495259E+00 8.737252121E+00 8.873102248E+00
 8.993155418E+00 9.098494460E+00 9.190157889E+00 9.269130127E+00 9.336336923E+00
 9.392644302E+00 9.438859848E+00 9.475735488E+00 9.503971202E+00 9.524219263E+00
 9.537088732E+00 9.543150024E+00 9.542939429E+00 9.536963509E+00 9.525703324E+00
 9.509618475E+00 9.489150939E+00 9.464728718E+00 9.436769296E+00 9.405682935E+00
 9.371875807E+00 9.335753000E+00 9.297721396E+00 9.258192455E+00 9.217584900E+00
 9.176327324E+00 9.134860723E+00 9.093640957E+00 9.053141125E+00 9.013853858E+00
 8.976293493E+00 8.940998106E+00 8.908531368E+00 8.879484149E+00 8.854475810E+00
 8.834155079E+00 8.819200392E+00 8.810319878E+00 8.808248832E+00 8.813745178E+00
 8.827584681E+00 8.850556749E+00 8.883461079E+00 8.927103583E+00 8.982294533E+00
 9.049848037E+00 9.130582227E+00 9.225321644E+00 9.334901399E+00 9.460173258E+00
 9.602013964E+00 9.761335864E+00 9.939100106E+00 1.013633264E+01 1.035414334E+01
 1.059374866E+01 1.085649833E+01 1.114390669E+01 1.145768954E+01 1.179980738E+01
 1.217251625E+01 1.257842770E+01 1.302057944E+01 1.350251881E+01 1.402840132E+01
 1.460310655E+01 1.523237403E+01 1.592296041E+01 1.668281738E+01 1.752128383E+01
 1.844927279E+01 1.947940298E+01 2.062595541E+01 2.190437548E+01 2.332967135E+01
 2.491221542E+01 2.664763160E+01 2.849420327E+01 3.032934225E+01 3.189505296E+01
 3.282132277E+01 3.286040388E+01 3.213341365E+01 3.099509386E+01 2.974888770E+01
 2.855861766E+01 2.748929204E+01 2.655594706E+01 2.575176727E+01 2.506125574E+01
 2.446594600E+01 2.394689216E+01 2.348597084E+01 2.306688617E+01 2.267612961E+01
 2.230374694E+01 1.176305670E+01 1.170468440E+01 1.162056835E+01 1.150969564E+01
 1.137074325E+01 1.120207402E+01 1.100173492E+01 1.076746029E+01 1.049668406E+01
 1.018656685E+01 9.834046525E+00 9.435924633E+00 8.989006483E+00 8.490319015E+00
 7.937435111E+00 7.328919233E+00 6.664821001E+00 5.946915571E+00 5.183275680E+00
 4.796733689E+00 5.106731549E+00 5.441991223E+00 5.774608015E+00 6.098448345E+00
 6.408717321E+00 6.702158379E+00 6.976856270E+00 7.231906101E+00 7.467118640E+00
 7.682793060E+00 7.879549800E+00 8.058210084E+00 8.219710247E+00 8.365041661E+00
 8.495209374E+00 8.611204365E+00 8.713985655E+00 8.804469479E+00 8.883523504E+00
 8.951964583E+00 9.010558946E+00 9.060024049E+00 9.101031483E+00 9.134210545E+00
 9.160152169E+00 9.179413010E+00 9.192519548E+00 9.199972111E+00 9.202248766E+00
 9.199809043E+00 9.193097472E+00 9.182546943E+00 9.168581878E+00 9.151621239E+00
 9.132081374E+00 9.110378723E+00 9.086932393E+00 9.062166606E+00 9.036513042E+00
 9.010413067E+00 8.984319856E+00 8.958700401E+00 8.934037387E+00 8.910830932E+00
 8.889600147E+00 8.870884490E+00 8.855244868E+00 8.843264421E+00 8.835548917E+00
 8.832726674E+00 8.835447815E+00 8.844382717E+00 8.860219650E+00 8.883662122E+00
 8.915426357E+00 8.956239108E+00 9.006835926E+00 9.067960362E+00 9.140364258E+00
 9.224809213E+00 9.322069562E+00 9.432937032E+00 9.558227253E+00 9.698788386E+00
 9.855512098E+00 1.002934721E+01 1.022131640E+01 1.043253641E+01 1.066424239E+01
 1.091781723E+01 1.119482663E+01 1.149706150E+01 1.182658909E+01 1.218581499E+01
 1.257755884E+01 1.300514719E+01 1.347252820E+01 1.398441455E+01 1.454646280E+01
 1.516550093E+01 1.584982033E+01 1.660955541E+01 1.745718517E+01 1.840820746E+01
 1.948206254E+01 2.070342006E+01 2.210398822E+01 2.372501770E+01 2.562045551E+01
 2.785934985E+01 3.051946152E+01 3.363309085E+01 3.692349158E+01 3.908798574E+01
 3.842980181E+01 3.594504182E+01 3.331819014E+01 3.107409746E+01 2.924141063E+01
 2.775194424E+01 2.653505880E+01 2.553296112E+01 2.470010038E+01 2.400033304E+01
 2.340453778E+01 2.288901852E+01 2.243455686E+01 2.202588653E+01 2.165135507E+01
 1.175625748E+01 1.168856003E+01 1.159112195E+01 1.146289249E+01 1.130250143E+01
 1.110825666E+01 1.087814421E+01 1.060983336E+01 1.030069046E+01 9.947806718E+00
 9.548047903E+00 9.098138316E+00 8.594799601E+00 8.034981966E+00 7.416263879E+00
 6.737588969E+00 6.000722150E+00 5.212925147E+00 4.383992022E+00 3.936842490E+00
 4.265168608E+00 4.606476448E+00 4.955999104E+00 5.300586593E+00 5.632679938E+00
 5.948193850E+00 6.244996651E+00 6.522128109E+00 6.779370852E+00 7.016991670E+00
 7.235572719E+00 7.435895773E+00 7.618860804E+00 7.785428310E+00 7.936578768E+00
 8.073284672E+00 8.196491906E+00 8.307108006E+00 8.405995473E+00 8.493968743E+00
 8.571793744E+00 8.640189237E+00 8.699829358E+00 8.751346902E+00 8.795337033E+00
 8.832361203E+00 8.862951100E+00 8.887612543E+00 8.906829232E+00 8.921066330E+00
 8.930773853E+00 8.936389857E+00 8.938343427E+00 8.937057490E+00 8.932951438E+00
 8.926443598E+00 8.917953548E+00 8.907904290E+00 8.896724296E+00 8.884849415E+00
 8.872724662E+00 8.860805864E+00 8.849561171E+00 8.839472398E+00 8.831036204E+00
 8.824765049E+00 8.821187927E+00 8.820850806E+00 8.824316763E+00 8.832165966E+00
 8.844994454E+00 8.863413659E+00 8.888048801E+00 8.919537363E+00 8.958527643E+00
 9.005677582E+00 9.061654058E+00 9.127132881E+00 9.202799663E+00 9.289351770E+00
 9.387501537E+00 9.497980968E+00 9.621548137E+00 9.758995539E+00 9.911160690E+00
 1.007893934E+01 1.026330174E+01 1.046531251E+01 1.068615488E+01 1.092716015E+01
 1.118984365E+01 1.147594866E+01 1.178750043E+01 1.212687283E+01 1.249687129E+01
 1.290083660E+01 1.334277606E+01 1.382753063E+01 1.436099014E+01 1.495037413E+01
 1.560460351E+01 1.633480157E+01 1.715498504E+01 1.808304448E+01 1.914218577E+01
 2.036314524E+01 2.178778223E+01 2.347529994E+01 2.551391212E+01 2.804502921E+01
 3.132055216E+01 3.586756433E+01 4.313670494E+01 5.856768419E+01 4.732739259E+01
 3.899513674E+01 3.436975156E+01 3.127640579E+01 2.902401476E+01 2.730535785E+01
 2.595510586E+01 2.487249523E+01 2.399049017E+01 2.326157007E+01 2.265048792E+01
 2.213031115E+01 2.168014287E+01 2.128374389E+01 2.092863363E+01 1.175036392E+01
 1.167458584E+01 1.156560765E+01 1.142234776E+01 1.124339407E+01 1.102699942E+01
 1.077107800E+01 1.047320464E+01 1.013061874E+01 9.740235929E+00 9.298670949E+00
 8.802276633E+00 8.247205831E+00 7.629507393E+00 6.945278298E+00 6.190927487E+00
 5.363727593E+00 4.463408572E+00 3.505248582E+00 3.022175496E+00 3.388754675E+00
 3.795397992E+00 4.191884065E+00 4.571701668E+00 4.932050728E+00 5.271592939E+00
 5.589809311E+00 5.886717654E+00 6.162708479E+00 6.418431822E+00 6.654712493E+00
 6.872484902E+00 7.072743056E+00 7.256502910E+00 7.424774827E+00 7.578544226E+00
 7.718758740E+00 7.846320432E+00 7.962081850E+00 8.066844910E+00 8.161361803E+00
 8.246337282E+00 8.322431857E+00 8.390265506E+00 8.450421665E+00 8.503451268E+00
 8.549876747E+00 8.590195871E+00 8.624885397E+00 8.654404495E+00 8.679197942E+00
 8.699699088E+00 8.716332595E+00 8.729516981E+00 8.739666962E+00 8.747195625E+00
 8.752516434E+00 8.756045089E+00 8.758201240E+00 8.759410065E+00 8.760103710E+00
 8.760722596E+00 8.761716569E+00 8.763545912E+00 8.766682170E+00 8.771608802E+00
 8.778821619E+00 8.788829001E+00 8.802151869E+00 8.819323411E+00 8.840888485E+00
 8.867402909E+00 8.899432529E+00 8.937552257E+00 8.982345193E+00 9.034401996E+00
 9.094320656E+00 9.162706803E+00 9.240174761E+00 9.327349463E+00 9.424869439E+00
 9.533391052E+00 9.653594188E+00 9.786189648E+00 9.931928531E+00 1.009161395E+01
 1.026611555E+01 1.045638731E+01 1.066348946E+01 1.088861530E+01 1.113312424E+01
 1.139858247E+01 1.168681346E+01 1.199996086E+01 1.234056741E+01 1.271167458E+01
 1.311694937E+01 1.356084695E+01 1.404882089E+01 1.458759765E+01 1.518553854E+01
 1.585312288E+01 1.660360242E+01 1.745390379E+01 1.842590177E+01 1.954826798E+01
 2.085925048E+01 2.241102155E+01 2.427673649E+01 2.656214458E+01 2.942284679E+01
 3.307010829E+01 3.757021796E+01 4.117825857E+01 3.956845042E+01 3.554357803E+01
 3.211840163E+01 2.950402126E+01 2.749898537E+01 2.593433975E+01 2.469361364E+01
 2.369620277E+01 2.288450768E+01 2.221604007E+01 2.165865457E+01 2.118759653E+01
 2.078361166E+01 2.043168813E+01 2.012017770E+01 1.174540139E+01 1.166282271E+01
 1.154413859E+01 1.138824608E+01 1.119370072E+01 1.095870731E+01 1.068110942E+01
 1.035837799E+01 9.987599490E+00 9.565463421E+00 9.088248016E+00 8.551799902E+00
 7.951497087E+00 7.282168796E+00 6.537906294E+00 5.711591774E+00 4.793664284E+00
 3.768910372E+00 2.615012902E+00 2.023121427E+00 2.564094106E+00 3.061634245E+00
 3.513596168E+00 3.931101422E+00 4.319235571E+00 4.680636977E+00 5.017028776E+00
 5.329799623E+00 5.620223439E+00 5.889536804E+00 6.138958488E+00 6.369686280E+00
 6.582886488E+00 6.779682834E+00 6.961147474E+00 7.128294986E+00 7.282079288E+00
 7.423393053E+00 7.553069111E+00 7.671883280E+00 7.780558172E+00 7.879767579E+00
 7.970141145E+00 8.052269097E+00 8.126706868E+00 8.193979526E+00 8.254585917E+00
 8.309002522E+00 8.357686992E+00 8.401081374E+00 8.439615050E+00 8.473707405E+00
 8.503770242E+00 8.530209976E+00 8.553429630E+00 8.573830642E+00 8.591814516E+00
 8.607784314E+00 8.622146018E+00 8.635309746E+00 8.647690846E+00 8.659710856E+00
 8.671798321E+00 8.684389478E+00 8.697928784E+00 8.712869278E+00 8.729672779E+00
 8.748809898E+00 8.770759867E+00 8.796010183E+00 8.825056080E+00 8.858399877E+00
 8.896550244E+00 8.940021455E+00 8.989332738E+00 9.045007802E+00 9.107574684E+00
 9.177566004E+00 9.255519784E+00 9.341980928E+00 9.437503535E+00 9.542654171E+00
 9.658016292E+00 9.784195993E+00 9.921829346E+00 1.007159159E+01 1.023420854E+01
 1.041047072E+01 1.060125065E+01 1.080752430E+01 1.103039736E+01 1.127113791E+01
 1.153121691E+01 1.181235881E+01 1.211660507E+01 1.244639441E+01 1.280466452E+01
 1.319498193E+01 1.362170797E+01 1.409021175E+01 1.460714301E+01 1.518078038E+01
 1.582147112E+01 1.654217422E+01 1.735910152E+01 1.829240119E+01 1.936669544E+01
 2.061093711E+01 2.205613898E+01 2.372711695E+01 2.561830170E+01 2.763181141E+01
 2.945823334E+01 3.051878020E+01 3.036030040E+01 2.921859561E+01 2.769296895E+01
 2.618766613E+01 2.485898340E+01 2.373756381E+01 2.280766438E+01 2.204065739E+01
 2.140725593E+01 2.088144001E+01 2.044132574E+01 2.006897523E+01 1.974989712E+01
 1.947251030E+01 1.922765781E+01 1.174138465E+01 1.165330771E+01 1.152678835E+01
 1.136071762E+01 1.115363745E+01 1.090372591E+01 1.060877863E+01 1.026618599E+01
 9.872905295E+00 9.425426396E+00 8.919727898E+00 8.351218063E+00 7.714649072E+00
 7.003982638E+00 6.212167329E+00 5.330767539E+00 4.349402583E+00 3.255046395E+00
 2.020829519E+00 1.350752265E+00 1.962347249E+00 2.486086256E+00 2.964658195E+00
 3.404535536E+00 3.810431093E+00 4.185892544E+00 4.533685351E+00 4.856091485E+00
 5.155087065E+00 5.432437513E+00 5.689746539E+00 5.928481660E+00 6.149988660E+00
 6.355501357E+00 6.546149701E+00 6.722967530E+00 6.886900432E+00 7.038813743E+00
 7.179500577E+00 7.309689692E+00 7.430053050E+00 7.541212936E+00 7.643748536E+00
 7.738201958E+00 7.825083650E+00 7.904877248E+00 7.978043874E+00 8.045025929E+00
 8.106250432E+00 8.162131945E+00 8.213075146E+00 8.259477090E+00 8.301729195E+00
 8.340219006E+00 8.375331746E+00 8.407451703E+00 8.436963456E+00 8.464252966E+00
 8.489708540E+00 8.513721675E+00 8.536687787E+00 8.559006820E+00 8.581083742E+00
 8.603328911E+00 8.626158315E+00 8.649993675E+00 8.675262406E+00 8.702397429E+00
 8.731836845E+00 8.764023461E+00 8.799404202E+00 8.838429422E+00 8.881552155E+00
 8.929227366E+00 8.981911248E+00 9.040060646E+00 9.104132682E+00 9.174584655E+00
 9.251874312E+00 9.336460568E+00 9.428804776E+00 9.529372644E+00 9.638636911E+00
 9.757080913E+00 9.885203181E+00 1.002352325E+01 1.017258894E+01 1.033298528E+01
 1.050534558E+01 1.069036500E+01 1.088881718E+01 1.110157482E+01 1.132963499E+01
 1.157415062E+01 1.183646967E+01 1.211818405E+01 1.242119097E+01 1.274776974E+01
 1.310067785E+01 1.348327003E+01 1.389964340E+01 1.435480858E+01 1.485487857E+01
 1.540724779E+01 1.602069273E+01 1.670523904E+01 1.747146963E+01 1.832862873E+01
 1.928034503E+01 2.031614250E+01 2.139695786E+01 2.243659925E+01 2.329381420E+01
 2.380680235E+01 2.388133421E+01 2.355959248E+01 2.298506397E+01 2.230981281E+01
 2.163885604E+01 2.102615220E+01 2.049105293E+01 2.003428350E+01 1.964822206E+01
 1.932243853E+01 1.904635288E+01 1.881036295E+01 1.860622340E+01 1.842708346E+01
 1.826738298E+01 1.173831400E+01 1.164604438E+01 1.151357107E+01 1.133980185E+01
 1.112329502E+01 1.086223959E+01 1.055442957E+01 1.019723129E+01 9.787542625E+00
 9.321742691E+00 8.795630366E+00 8.204350079E+00 7.542303793E+00 6.803050609E+00
 5.979202950E+00 5.062349741E+00 4.043084309E+00 2.911019336E+00 1.631516326E+00
 8.949951103E-01 1.554520078E+00 2.078590879E+00 2.561347489E+00 3.006308545E+00
 3.416527392E+00 3.795120600E+00 4.145029268E+00 4.468932893E+00 4.769233824E+00
 5.048068545E+00 5.307328427E+00 5.548683367E+00 5.773605772E+00 5.983393748E+00
 6.179192958E+00 6.362016876E+00 6.532765260E+00 6.692240812E+00 6.841164022E+00
 6.980186244E+00 7.109901103E+00 7.230854354E+00 7.343552310E+00 7.448469016E+00
 7.546052291E+00 7.636728801E+00 7.720908288E+00 7.798987103E+00 7.871351133E+00
 7.938378245E+00 8.000440314E+00 8.057904930E+00 8.111136826E+00 8.160499087E+00
 8.206354178E+00 8.249064824E+00 8.288994756E+00 8.326509352E+00 8.361976176E+00
 8.395765421E+00 8.428250262E+00 8.459807118E+00 8.490815817E+00 8.521659657E+00
 8.552725367E+00 8.584402951E+00 8.617085416E+00 8.651168381E+00 8.687049563E+00
 8.725128155E+00 8.765804086E+00 8.809477209E+00 8.856546409E+00 8.907408690E+00
 8.962458254E+00 9.022085625E+00 9.086676863E+00 9.156612900E+00 9.232269055E+00
 9.314014765E+00 9.402213583E+00 9.497223466E+00 9.599397417E+00 9.709084506E+00
 9.826631310E+00 9.952383832E+00 1.008668993E+01 1.022990230E+01 1.038238216E+01
 1.054450357E+01 1.071665865E+01 1.089926363E+01 1.109276611E+01 1.129765340E+01
 1.151446235E+01 1.174379074E+01 1.198631033E+01 1.224278161E+01 1.251406991E+01
 1.280116198E+01 1.310518071E+01 1.342739351E+01 1.376920504E+01 1.413211625E+01
 1.451761646E+01 1.492694705E+01 1.536063181E+01 1.581760731E+01 1.629373724E+01
 1.677956078E+01 1.725756745E+01 1.770044802E+01 1.807337703E+01 1.834319167E+01
 1.849213366E+01 1.852658795E+01 1.847299374E+01 1.836487628E+01 1.823137267E+01
 1.809249389E+01 1.795962051E+01 1.783795790E+01 1.772894334E+01 1.763197383E+01
 1.754548105E+01 1.746754891E+01 1.739624996E+01 1.732981940E+01 1.726673746E+01
 1.173617041E+01 1.164099019E+01 1.150441633E+01 1.132540279E+01 1.110256439E+01
 1.083415358E+01 1.051802954E+01 1.015161836E+01 9.731862449E+00 9.255157890E+00
 8.717279102E+00 8.113292360E+00 7.437464552E+00 6.683182559E+00 5.842913839E+00
 4.908260310E+00 3.870175401E+00 2.719113321E+00 1.419947451E+00 6.607247103E-01
 1.316326696E+00 1.829961821E+00 2.303532740E+00 2.739777176E+00 3.141321352E+00
 3.511263424E+00 3.852776150E+00 4.168864095E+00 4.462244940E+00 4.735308972E+00
 4.990122473E+00 5.228453113E+00 5.451804504E+00 5.661452957E+00 5.858482845E+00
 6.043818903E+00 6.218254796E+00 6.382477846E+00 6.537090075E+00 6.682625847E+00
 6.819566488E+00 6.948352239E+00 7.069391935E+00 7.183070744E+00 7.289756299E+00
 7.389803509E+00 7.483558289E+00 7.571360445E+00 7.653545867E+00 7.730448199E+00
 7.802400104E+00 7.869734211E+00 7.932783822E+00 7.991883456E+00 8.047369237E+00
 8.099579196E+00 8.148853483E+00 8.195534510E+00 8.239967039E+00 8.282498213E+00
 8.323477519E+00 8.363256707E+00 8.402189621E+00 8.440631973E+00 8.478941025E+00
 8.517475179E+00 8.556593480E+00 8.596655007E+00 8.638018163E+00 8.681039863E+00
 8.726074609E+00 8.773473482E+00 8.823583033E+00 8.876744110E+00 8.933290625E+00
 8.993548266E+00 9.057833189E+00 9.126450683E+00 9.199693828E+00 9.277842133E+00
 9.361160155E+00 9.449896083E+00 9.544280241E+00 9.644523468E+00 9.750815311E+00
 9.863321918E+00 9.982183516E+00 1.010751130E+01 1.023938346E+01 1.037784018E+01
 1.052287698E+01 1.067443611E+01 1.083239515E+01 1.099655197E+01 1.116660471E+01
 1.134212526E+01 1.152252404E+01 1.170700324E+01 1.189449498E+01 1.208358009E+01
 1.227238272E+01 1.245843645E+01 1.263852085E+01 1.280847652E+01 1.296302853E+01
 1.309569556E+01 1.319895533E+01 1.326500163E+01 1.328766151E+01 1.326620934E+01
 1.321139634E+01 1.315190085E+01 1.313495287E+01 1.321226053E+01 1.341239686E+01
 1.372146195E+01 1.409264107E+01 1.447382432E+01 1.482774266E+01 1.513604612E+01
 1.539431094E+01 1.560567940E+01 1.577630206E+01 1.591281851E+01 1.602122982E+01
 1.610653725E+01 1.617274294E+01 1.622299203E+01 1.625974931E+01 1.173491093E+01
 1.163804499E+01 1.149914588E+01 1.131724767E+01 1.109106882E+01 1.081898812E+01
 1.049901188E+01 1.012873046E+01 9.705261371E+00 9.225176166E+00 8.684408515E+00
 8.078142699E+00 7.400686395E+00 6.645341986E+00 5.804310152E+00 4.868690898E+00
 3.828682658E+00 2.673903416E+00 1.378441236E+00 6.468730968E-01 1.240299786E+00
 1.735968162E+00 2.189490234E+00 2.604284166E+00 2.984076084E+00 3.332908792E+00
 3.654679041E+00 3.952895381E+00 4.230588717E+00 4.490309260E+00 4.734165861E+00
 4.963882331E+00 5.180857341E+00 5.386221441E+00 5.580888344E+00 5.765599522E+00
 5.940962066E+00 6.107480209E+00 6.265581116E+00 6.415635639E+00 6.557974733E+00
 6.692902217E+00 6.820704508E+00 6.941657901E+00 7.056033877E+00 7.164102878E+00
 7.266136892E+00 7.362411141E+00 7.453205105E+00 7.538803064E+00 7.619494308E+00
 7.695573103E+00 7.767338524E+00 7.835094176E+00 7.899147871E+00 7.959811274E+00
 8.017399533E+00 8.072230902E+00 8.124626361E+00 8.174909222E+00 8.223404719E+00
 8.270439576E+00 8.316341537E+00 8.361438843E+00 8.406059662E+00 8.450531441E+00
 8.495180178E+00 8.540329611E+00 8.586300301E+00 8.633408621E+00 8.681965626E+00
 8.732275817E+00 8.784635790E+00 8.839332759E+00 8.896642965E+00 8.956829951E+00
 9.020142697E+00 9.086813600E+00 9.157056264E+00 9.231063075E+00 9.309002492E+00
 9.391015991E+00 9.477214562E+00 9.567674623E+00 9.662433189E+00 9.761482069E+00
 9.864760805E+00 9.972147984E+00 1.008345044E+01 1.019838973E+01 1.031658500E+01
 1.043753135E+01 1.056057205E+01 1.068486297E+01 1.080932679E+01 1.093259376E+01
 1.105292495E+01 1.116811277E+01 1.127535199E+01 1.137107302E+01 1.145072832E+01
 1.150852241E+01 1.153707994E+01 1.152705770E+01 1.146673682E+01 1.134170120E+01
 1.113486255E+01 1.082742217E+01 1.040203704E+01 9.850732057E+00 9.191890903E+00
 8.500202922E+00 7.938454902E+00 7.733868741E+00 8.033678840E+00 8.764877278E+00
 9.709917622E+00 1.067583623E+01 1.155764136E+01 1.231799046E+01 1.295490841E+01
 1.348095868E+01 1.391281060E+01 1.426670909E+01 1.455682480E+01 1.479489686E+01
 1.499040233E+01 1.515090059E+01 1.528239998E+01 1.173446601E+01 1.163704390E+01
 1.149745897E+01 1.131485986E+01 1.108811753E+01 1.081580383E+01 1.049616158E+01
 1.012706318E+01 9.705954025E+00 9.229775030E+00 8.694857099E+00 8.096777879E+00
 7.430169899E+00 6.688471247E+00 5.863623716E+00 4.945768100E+00 3.923095734E+00
 2.782204374E+00 1.509934807E+00 8.223069198E-01 1.333384926E+00 1.801020416E+00
 2.220487187E+00 2.598188973E+00 2.940830879E+00 3.254451644E+00 3.544107283E+00
 3.813877340E+00 4.066985795E+00 4.305944548E+00 4.532687039E+00 4.748683763E+00
 4.955039647E+00 5.152575289E+00 5.341894275E+00 5.523438416E+00 5.697532529E+00
 5.864420158E+00 6.024291545E+00 6.177305043E+00 6.323603103E+00 6.463323843E+00
 6.596609107E+00 6.723609790E+00 6.844489093E+00 6.959424229E+00 7.068607037E+00
 7.172243823E+00 7.270554698E+00 7.363772603E+00 7.452142160E+00 7.535918458E+00
 7.615365827E+00 7.690756656E+00 7.762370271E+00 7.830491886E+00 7.895411635E+00
 7.957423661E+00 8.016825278E+00 8.073916165E+00 8.128997602E+00 8.182371712E+00
 8.234340704E+00 8.285206096E+00 8.335267901E+00 8.384823765E+00 8.434168040E+00
 8.483590768E+00 8.533376587E+00 8.583803516E+00 8.635141634E+00 8.687651618E+00
 8.741583148E+00 8.797173138E+00 8.854643803E+00 8.914200509E+00 8.976029405E+00
 9.040294765E+00 9.107136019E+00 9.176664377E+00 9.248958975E+00 9.324062420E+00
 9.401975587E+00 9.482651478E+00 9.565987897E+00 9.651818641E+00 9.739902795E+00
 9.829911629E+00 9.921412451E+00 1.001384855E+01 1.010651419E+01 1.019852315E+01
 1.028876910E+01 1.037587527E+01 1.045813042E+01 1.053340676E+01 1.059905467E+01
 1.065176668E+01 1.068740161E+01 1.070075606E+01 1.068526724E+01 1.063262556E+01
 1.053226960E+01 1.037072860E+01 1.013077003E+01 9.790306471E+00 9.321031141E+00
 8.686843328E+00 7.842505350E+00 6.734470799E+00 5.311710383E+00 3.576839876E+00
 1.773147543E+00 7.490756627E-01 1.449501465E+00 3.334611351E+00 5.375462548E+00
 7.162543739E+00 8.637789568E+00 9.837378907E+00 1.081136514E+01 1.160458393E+01
 1.225355824E+01 1.278719454E+01 1.322816790E+01 1.359423628E+01 1.389932968E+01
 1.415441442E+01 1.436816702E+01 1.173473986E+01 1.163775767E+01 1.149893172E+01
 1.131755503E+01 1.109269434E+01 1.082317557E+01 1.050756269E+01 1.014412716E+01
 9.730803405E+00 9.265123461E+00 8.744119209E+00 8.164173572E+00 7.520789046E+00
 6.808220620E+00 6.018887479E+00 5.142446043E+00 4.164463990E+00 3.065305496E+00
 1.836561736E+00 1.186668715E+00 1.620035313E+00 2.038706212E+00 2.399550416E+00
 2.716895281E+00 3.002389968E+00 3.264369066E+00 3.508695793E+00 3.739503285E+00
 3.959707418E+00 4.171347840E+00 4.375820551E+00 4.574044321E+00 4.766585554E+00
 4.953755155E+00 5.135684866E+00 5.312387391E+00 5.483803150E+00 5.649835816E+00
 5.810378528E+00 5.965332448E+00 6.114619223E+00 6.258188680E+00 6.396022961E+00
 6.528138026E+00 6.654583346E+00 6.775440370E+00 6.890820241E+00 7.000861109E+00
 7.105725266E+00 7.205596291E+00 7.300676299E+00 7.391183357E+00 7.477349123E+00
 7.559416682E+00 7.637638612E+00 7.712275243E+00 7.783593098E+00 7.851863488E+00
 7.917361243E+00 7.980363541E+00 8.041148820E+00 8.099995743E+00 8.157182195E+00
 8.212984280E+00 8.267675316E+00 8.321524781E+00 8.374797217E+00 8.427751057E+00
 8.480637356E+00 8.533698424E+00 8.587166323E+00 8.641261220E+00 8.696189576E+00
 8.752142133E+00 8.809291685E+00 8.867790589E+00 8.927767971E+00 8.989326568E+00
 9.052539156E+00 9.117444439E+00 9.184042326E+00 9.252288431E+00 9.322087623E+00
 9.393286416E+00 9.465663897E+00 9.538920857E+00 9.612666666E+00 9.686403327E+00
 9.759505993E+00 9.831199016E+00 9.900526372E+00 9.966314928E+00 1.002712862E+01
 1.008121100E+01 1.012641281E+01 1.016010034E+01 1.017903865E+01 1.017924200E+01
 1.015578105E+01 1.010253206E+01 1.001184772E+01 9.874119132E+00 9.677183077E+00
 9.405500636E+00 9.038982173E+00 8.551233248E+00 7.906787747E+00 7.056433297E+00
 5.928631603E+00 4.412129858E+00 2.316149161E+00-7.361074792E-01-5.642667579E+00
-1.330929851E+01-7.831827377E+00-1.787933196E+00 1.933525103E+00 4.520540741E+00
 6.449397247E+00 7.946645939E+00 9.138503060E+00 1.010353824E+01 1.089459911E+01
 1.154920222E+01 1.209500016E+01 1.255292071E+01 1.293910739E+01 1.326619394E+01
 1.354418227E+01 1.173561464E+01 1.163990264E+01 1.150303484E+01 1.132446822E+01
 1.110349450E+01 1.083923647E+01 1.053064169E+01 1.017647202E+01 9.775286259E+00
 9.325410773E+00 8.824889500E+00 8.271396801E+00 7.662081141E+00 6.993273488E+00
 6.259913919E+00 5.454344116E+00 4.563550610E+00 3.562796568E+00 2.426372592E+00
 1.809961439E+00 2.151760885E+00 2.465942094E+00 2.721275759E+00 2.944118360E+00
 3.148329929E+00 3.341523085E+00 3.528205555E+00 3.711139602E+00 3.891990179E+00
 4.071675771E+00 4.250586235E+00 4.428735694E+00 4.605879133E+00 4.781604600E+00
 4.955406176E+00 5.126740401E+00 5.295068229E+00 5.459884571E+00 5.620737594E+00
 5.777239883E+00 5.929073445E+00 6.075990263E+00 6.217809817E+00 6.354414679E+00
 6.485745018E+00 6.611792633E+00 6.732594913E+00 6.848229007E+00 6.958806381E+00
 7.064467817E+00 7.165378929E+00 7.261726161E+00 7.353713260E+00 7.441558185E+00
 7.525490396E+00 7.605748491E+00 7.682578128E+00 7.756230197E+00 7.826959189E+00
 7.895021735E+00 7.960675255E+00 8.024176714E+00 8.085781420E+00 8.145741864E+00
 8.204306555E+00 8.261718838E+00 8.318215668E+00 8.374026308E+00 8.429370955E+00
 8.484459235E+00 8.539488582E+00 8.594642450E+00 8.650088338E+00 8.705975612E+00
 8.762433058E+00 8.819566154E+00 8.877453991E+00 8.936145781E+00 8.995656880E+00
 9.055964223E+00 9.117001061E+00 9.178650832E+00 9.240740014E+00 9.303029704E+00
 9.365205654E+00 9.426866417E+00 9.487509158E+00 9.546512597E+00 9.603116386E+00
 9.656396092E+00 9.705232683E+00 9.748275176E+00 9.783894724E+00 9.810127920E+00
 9.824606508E+00 9.824469814E+00 9.806255095E+00 9.765759408E+00 9.697864341E+00
 9.596311641E+00 9.453412609E+00 9.259666045E+00 9.003245869E+00 8.669296019E+00
 8.238927647E+00 7.687733969E+00 6.983483360E+00 6.082340110E+00 4.922319275E+00
 3.411366389E+00 1.405281288E+00-1.325975290E+00-5.033752307E+00-8.401907394E+00
-6.285096274E+00-2.188670013E+00 1.025755411E+00 3.448448397E+00 5.328564420E+00
 6.827373807E+00 8.046097251E+00 9.051463929E+00 9.889822449E+00 1.059479215E+01
 1.119159177E+01 1.169962379E+01 1.213410304E+01 1.250713548E+01 1.282846487E+01
 1.173695877E+01 1.164316070E+01 1.150917130E+01 1.133461574E+01 1.111901821E+01
 1.086181091E+01 1.056234607E+01 1.021991152E+01 9.833750438E+00 9.403086271E+00
 8.927153977E+00 8.405239039E+00 7.836726715E+00 7.221166174E+00 6.558360773E+00
 5.848517778E+00 5.092583374E+00 4.293595165E+00 3.476134841E+00 2.974613038E+00
 2.980832409E+00 3.054925923E+00 3.140968319E+00 3.235834115E+00 3.339360308E+00
 3.451770716E+00 3.573189842E+00 3.703471970E+00 3.842149355E+00 3.988446687E+00
 4.141335568E+00 4.299609637E+00 4.461964927E+00 4.627074257E+00 4.793648863E+00
 4.960484428E+00 5.126491616E+00 5.290713027E+00 5.452329334E+00 5.610657478E+00
 5.765143531E+00 5.915352336E+00 6.060955545E+00 6.201719181E+00 6.337491496E+00
 6.468191575E+00 6.593798939E+00 6.714344249E+00 6.829901111E+00 6.940578946E+00
 7.046516811E+00 7.147878100E+00 7.244845997E+00 7.337619590E+00 7.426410546E+00
 7.511440265E+00 7.592937414E+00 7.671135801E+00 7.746272505E+00 7.818586205E+00
 7.888315682E+00 7.955698426E+00 8.020969330E+00 8.084359422E+00 8.146094615E+00
 8.206394448E+00 8.265470781E+00 8.323526430E+00 8.380753718E+00 8.437332908E+00
 8.493430503E+00 8.549197388E+00 8.604766768E+00 8.660251894E+00 8.715743515E+00
 8.771307027E+00 8.826979256E+00 8.882764822E+00 8.938631987E+00 8.994507921E+00
 9.050273243E+00 9.105755717E+00 9.160722933E+00 9.214873762E+00 9.267828332E+00
 9.319116237E+00 9.368162590E+00 9.414271476E+00 9.456606253E+00 9.494166031E+00
 9.525757488E+00 9.549961038E+00 9.565090103E+00 9.569141974E+00 9.559738417E+00
 9.534053721E+00 9.488727395E+00 9.419758007E+00 9.322373861E+00 9.190875126E+00
 9.018440754E+00 8.796892023E+00 8.516403204E+00 8.165149861E+00 7.728890307E+00
 7.190496831E+00 6.529522408E+00 5.722099621E+00 4.742101453E+00 3.566382326E+00
 2.192383908E+00 6.898077070E-01-6.808401581E-01-1.369553965E+00-9.110093410E-01
 4.459551310E-01 2.110374430E+00 3.725054953E+00 5.168827965E+00 6.423513358E+00
 7.504125405E+00 8.433367788E+00 9.233485818E+00 9.924051835E+00 1.052167040E+01
 1.104025305E+01 1.149141734E+01 1.188487075E+01 1.222874268E+01 1.173863830E+01
 1.164720747E+01 1.151673034E+01 1.134698710E+01 1.113771598E+01 1.088863414E+01
 1.059946667E+01 1.026998656E+01 9.900069733E+00 9.489771807E+00 9.039437330E+00
 8.549860244E+00 8.022530019E+00 7.460031997E+00 6.866748850E+00 6.250203429E+00
 5.623872667E+00 5.013308811E+00 4.466358145E+00 4.047707348E+00 3.781452522E+00
 3.629436621E+00 3.548905066E+00 3.515839271E+00 3.518310644E+00 3.549977048E+00
 3.606904978E+00 3.686115590E+00 3.784930420E+00 3.900711082E+00 4.030799883E+00
 4.172556487E+00 4.323429393E+00 4.481027566E+00 4.643175364E+00 4.807945486E+00
 4.973671269E+00 5.138942717E+00 5.302591354E+00 5.463668488E+00 5.621420464E+00
 5.775263404E+00 5.924759062E+00 6.069592666E+00 6.209553178E+00 6.344516063E+00
 6.474428463E+00 6.599296576E+00 6.719174998E+00 6.834157770E+00 6.944370870E+00
 7.049965949E+00 7.151115082E+00 7.248006385E+00 7.340840332E+00 7.429826647E+00
 7.515181666E+00 7.597126079E+00 7.675882962E+00 7.751676050E+00 7.824728186E+00
 7.895259890E+00 7.963488027E+00 8.029624516E+00 8.093875067E+00 8.156437898E+00
 8.217502421E+00 8.277247868E+00 8.335841825E+00 8.393438659E+00 8.450177812E+00
 8.506181923E+00 8.561554776E+00 8.616379009E+00 8.670713571E+00 8.724590878E+00
 8.778013612E+00 8.830951113E+00 8.883335291E+00 8.935055979E+00 8.985955618E+00
 9.035823179E+00 9.084387159E+00 9.131307509E+00 9.176166285E+00 9.218456801E+00
 9.257571008E+00 9.292784791E+00 9.323240800E+00 9.347928406E+00 9.365660275E+00
 9.375045011E+00 9.374455255E+00 9.361990569E+00 9.335434419E+00 9.292204629E+00
 9.229296785E+00 9.143220452E+00 9.029928742E+00 8.884743094E+00 8.702277643E+00
 8.476372231E+00 8.200051962E+00 7.865548145E+00 7.464448393E+00 6.988108114E+00
 6.428582016E+00 5.780576500E+00 5.045355700E+00 4.238154537E+00 3.400910500E+00
 2.619455236E+00 2.032666787E+00 1.801405168E+00 2.020308016E+00 2.645854869E+00
 3.533438016E+00 4.531984943E+00 5.536524474E+00 6.489781580E+00 7.366400495E+00
 8.158804546E+00 8.868340672E+00 9.500420867E+00 1.006201132E+01 1.056038216E+01
 1.100251177E+01 1.139482674E+01 1.174311259E+01 1.174052973E+01 1.165174385E+01
 1.152514913E+01 1.136065140E+01 1.115816074E+01 1.091762031E+01 1.063904649E+01
 1.032258437E+01 9.968584217E+00 9.577707513E+00 9.151075763E+00 8.690482338E+00
 8.198699403E+00 7.679929993E+00 7.140479240E+00 6.589730569E+00 6.041422896E+00
 5.514736629E+00 5.033355145E+00 4.619621019E+00 4.285325249E+00 4.028480238E+00
 3.839471694E+00 3.708160093E+00 3.626627241E+00 3.589002733E+00 3.590552617E+00
 3.626942824E+00 3.693855209E+00 3.786892572E+00 3.901656832E+00 4.033896171E+00
 4.179649717E+00 4.335352979E+00 4.497893890E+00 4.664624982E+00 4.833343638E+00
 5.002252896E+00 5.169912991E+00 5.335190785E+00 5.497211506E+00 5.655315123E+00
 5.809018289E+00 5.957981951E+00 6.101984225E+00 6.240897936E+00 6.374672183E+00
 6.503317257E+00 6.626892360E+00 6.745495600E+00 6.859255845E+00 6.968326091E+00
 7.072878026E+00 7.173097583E+00 7.269181258E+00 7.361333062E+00 7.449761953E+00
 7.534679666E+00 7.616298833E+00 7.694831342E+00 7.770486862E+00 7.843471493E+00
 7.913986494E+00 7.982227053E+00 8.048381080E+00 8.112627974E+00 8.175137358E+00
 8.236067750E+00 8.295565143E+00 8.353761484E+00 8.410773017E+00 8.466698474E+00
 8.521617077E+00 8.575586344E+00 8.628639638E+00 8.680783445E+00 8.731994333E+00
 8.782215534E+00 8.831353117E+00 8.879271650E+00 8.925789325E+00 8.970672411E+00
 9.013628977E+00 9.054301746E+00 9.092259970E+00 9.126990176E+00 9.157885632E+00
 9.184234368E+00 9.205205571E+00 9.219834196E+00 9.227003632E+00 9.225426318E+00
 9.213622272E+00 9.189895664E+00 9.152309778E+00 9.098661122E+00 9.026454051E+00
 8.932878298E+00 8.814793378E+00 8.668726370E+00 8.490893668E+00 8.277263781E+00
 8.023688811E+00 7.726149025E+00 7.381181378E+00 6.986602542E+00 6.542690717E+00
 6.054045127E+00 5.532340776E+00 4.999976703E+00 4.493843114E+00 4.066743863E+00
 3.781961560E+00 3.697254681E+00 3.842531133E+00 4.205954108E+00 4.740308918E+00
 5.383717793E+00 6.078917023E+00 6.782573811E+00 7.466161091E+00 8.113006532E+00
 8.714697117E+00 9.268119129E+00 9.773362214E+00 1.023234178E+01 1.064793052E+01
 1.102342612E+01 1.136223315E+01 1.174253153E+01 1.165652493E+01 1.153396904E+01
 1.137485506E+01 1.117920675E+01 1.094711158E+01 1.067876387E+01 1.037452342E+01
 1.003499510E+01 9.661136139E+00 9.254400810E+00 8.816934498E+00 8.351831005E+00
 7.863464461E+00 7.357892103E+00 6.843278099E+00 6.330183139E+00 5.831392903E+00
 5.360849612E+00 4.931572693E+00 4.553390006E+00 4.231908401E+00 3.969206229E+00
 3.765226226E+00 3.618697778E+00 3.527328056E+00 3.487648422E+00 3.494942964E+00
 3.543446314E+00 3.626768357E+00 3.738396369E+00 3.872133787E+00 4.022400219E+00
 4.184382969E+00 4.354069465E+00 4.528201968E+00 4.704191468E+00 4.880017158E+00
 5.054127524E+00 5.225351218E+00 5.392820854E+00 5.555909953E+00 5.714181874E+00
 5.867349011E+00 6.015240470E+00 6.157776579E+00 6.294948840E+00 6.426804157E+00
 6.553432420E+00 6.674956702E+00 6.791525501E+00 6.903306563E+00 7.010481948E+00
 7.113244053E+00 7.211792389E+00 7.306330931E+00 7.397065922E+00 7.484204018E+00
 7.567950692E+00 7.648508834E+00 7.726077484E+00 7.800850667E+00 7.873016275E+00
 7.942754981E+00 8.010239154E+00 8.075631736E+00 8.139085086E+00 8.200739746E+00
 8.260723129E+00 8.319148096E+00 8.376111409E+00 8.431692041E+00 8.485949321E+00
 8.538920888E+00 8.590620430E+00 8.641035184E+00 8.690123159E+00 8.737810051E+00
 8.783985812E+00 8.828500821E+00 8.871161625E+00 8.911726183E+00 8.949898560E+00
 8.985323024E+00 9.017577474E+00 9.046166148E+00 9.070511581E+00 9.089945756E+00
 9.103700476E+00 9.110897005E+00 9.110535084E+00 9.101481597E+00 9.082459280E+00
 9.052036145E+00 9.008616668E+00 8.950436333E+00 8.875561900E+00 8.781900940E+00
 8.667225847E+00 8.529219914E+00 8.365556519E+00 8.174027240E+00 7.952741250E+00
 7.700426612E+00 7.416873253E+00 7.103564172E+00 6.764537055E+00 6.407483865E+00
 6.044996892E+00 5.695661400E+00 5.384363222E+00 5.140851574E+00 4.995678001E+00
 4.973678550E+00 5.087110812E+00 5.331875940E+00 5.689044808E+00 6.130684530E+00
 6.626735846E+00 7.150146557E+00 7.679367582E+00 8.198759958E+00 8.697867646E+00
 9.170302774E+00 9.612653865E+00 1.002358004E+01 1.040312104E+01 1.075219749E+01
 1.107226063E+01 1.174457221E+01 1.166137972E+01 1.154287414E+01 1.138908815E+01
 1.120009622E+01 1.097604250E+01 1.071717890E+01 1.042391589E+01 1.009688963E+01
 9.737049619E+00 9.345771855E+00 8.925002330E+00 8.477433551E+00 8.006710713E+00
 7.517650652E+00 7.016433041E+00 6.510691971E+00 6.009415705E+00 5.522593390E+00
 5.060660458E+00 4.633928694E+00 4.252173695E+00 3.924317981E+00 3.657921620E+00
 3.458293543E+00 3.327445945E+00 3.263442459E+00 3.260590856E+00 3.310469215E+00
 3.403352925E+00 3.529529771E+00 3.680199083E+00 3.847911116E+00 4.026656934E+00
 4.211754258E+00 4.399645433E+00 4.587679291E+00 4.773912650E+00 4.956944545E+00
 5.135784406E+00 5.309750221E+00 5.478391196E+00 5.641429589E+00 5.798717143E+00
 5.950202514E+00 6.095906861E+00 6.235905529E+00 6.370314226E+00 6.499278550E+00
 6.622966009E+00 6.741559897E+00 6.855254561E+00 6.964251709E+00 7.068757506E+00
 7.168980251E+00 7.265128501E+00 7.357409516E+00 7.446027949E+00 7.531184707E+00
 7.613075936E+00 7.691892082E+00 7.767816999E+00 7.841027071E+00 7.911690335E+00
 7.979965568E+00 8.046001343E+00 8.109935014E+00 8.171891634E+00 8.231982785E+00
 8.290305300E+00 8.346939878E+00 8.401949558E+00 8.455378056E+00 8.507247933E+00
 8.557558586E+00 8.606284042E+00 8.653370529E+00 8.698733811E+00 8.742256263E+00
 8.783783657E+00 8.823121645E+00 8.860031919E+00 8.894228025E+00 8.925370829E+00
 8.953063628E+00 8.976846939E+00 8.996192991E+00 9.010500024E+00 9.019086497E+00
 9.021185453E+00 9.015939319E+00 9.002395620E+00 8.979504262E+00 8.946117332E+00
 8.900992715E+00 8.842803387E+00 8.770154893E+00 8.681614478E+00 8.575756528E+00
 8.451230535E+00 8.306859666E+00 8.141780131E+00 7.955633513E+00 7.748825223E+00
 7.522860422E+00 7.280760909E+00 7.027547123E+00 6.770731564E+00 6.520707748E+00
 6.290836810E+00 6.096963129E+00 5.956103264E+00 5.884245331E+00 5.893600660E+00
 5.990104955E+00 6.172120410E+00 6.430888316E+00 6.752509094E+00 7.120618611E+00
 7.518856111E+00 7.932580341E+00 8.349734797E+00 8.761042592E+00 9.159791674E+00
 9.541431483E+00 9.903125791E+00 1.024333885E+01 1.056148647E+01 1.085765786E+01
 1.174661311E+01 1.166621815E+01 1.155170424E+01 1.140310572E+01 1.122049123E+01
 1.100398407E+01 1.075378948E+01 1.047022993E+01 1.015379022E+01 9.805174205E+00
 9.425375056E+00 9.015760440E+00 8.578173251E+00 8.115046668E+00 7.629530518E+00
 7.125625678E+00 6.608328739E+00 6.083805387E+00 5.559636341E+00 5.045190203E+00
 4.552113527E+00 4.094718482E+00 3.689712655E+00 3.354520243E+00 3.103900049E+00
 2.945876203E+00 2.879190606E+00 2.893945615E+00 2.974938388E+00 3.105618915E+00
 3.270947612E+00 3.458700871E+00 3.659633274E+00 3.867073281E+00 4.076356757E+00
 4.284297762E+00 4.488763841E+00 4.688359862E+00 4.882201970E+00 5.069759425E+00
 5.250745093E+00 5.425039929E+00 5.592640874E+00 5.753624817E+00 5.908123544E+00
 6.056306234E+00 6.198367153E+00 6.334516942E+00 6.464976420E+00 6.589972125E+00
 6.709733091E+00 6.824488494E+00 6.934465901E+00 7.039889952E+00 7.140981339E+00
 7.237955991E+00 7.331024392E+00 7.420390992E+00 7.506253659E+00 7.588803154E+00
 7.668222604E+00 7.744686956E+00 7.818362390E+00 7.889405697E+00 7.957963593E+00
 8.024171968E+00 8.088155062E+00 8.150024562E+00 8.209878604E+00 8.267800678E+00
 8.323858423E+00 8.378102317E+00 8.430564230E+00 8.481255850E+00 8.530166971E+00
 8.577263617E+00 8.622486021E+00 8.665746424E+00 8.706926707E+00 8.745875841E+00
 8.782407166E+00 8.816295496E+00 8.847274072E+00 8.875031392E+00 8.899207966E+00
 8.919393063E+00 8.935121560E+00 8.945871041E+00 8.951059362E+00 8.950042972E+00
 8.942116386E+00 8.926513367E+00 8.902410519E+00 8.868934279E+00 8.825172555E+00
 8.770192662E+00 8.703067674E+00 8.622913853E+00 8.528942438E+00 8.420529730E+00
 8.297309893E+00 8.159295044E+00 8.007026539E+00 7.841759066E+00 7.665674216E+00
 7.482111074E+00 7.295786606E+00 7.112957775E+00 6.941453139E+00 6.790482660E+00
 6.670137271E+00 6.590535576E+00 6.560675955E+00 6.587189262E+00 6.673297560E+00
 6.818286959E+00 7.017661703E+00 7.263919582E+00 7.547696302E+00 7.858962031E+00
 8.188019700E+00 8.526183768E+00 8.866136046E+00 9.202024339E+00 9.529390627E+00
 9.845006390E+00 1.014667175E+01 1.043301405E+01 1.070330486E+01 1.174864596E+01
 1.167102454E+01 1.156044151E+01 1.141690311E+01 1.124043065E+01 1.103107116E+01
 1.078891074E+01 1.051409074E+01 1.020682669E+01 9.867429910E+00 9.496331300E+00
 9.094107117E+00 8.661506825E+00 8.199485499E+00 7.709248987E+00 7.192333204E+00
 6.650764943E+00 6.087396666E+00 5.506573361E+00 4.915355079E+00 4.325499795E+00
 3.756079670E+00 3.235564398E+00 2.800404256E+00 2.486542791E+00 2.315130815E+00
 2.282457679E+00 2.363411820E+00 2.524461056E+00 2.735038918E+00 2.972303142E+00
 3.221054974E+00 3.471881953E+00 3.719242710E+00 3.960026299E+00 4.192596260E+00
 4.416192644E+00 4.630568555E+00 4.835772273E+00 5.032017564E+00 5.219606836E+00
 5.398885868E+00 5.570217381E+00 5.733965868E+00 5.890489141E+00 6.040133870E+00
 6.183233473E+00 6.320107379E+00 6.451061045E+00 6.576386395E+00 6.696362431E+00
 6.811255913E+00 6.921322021E+00 7.026804947E+00 7.127938417E+00 7.224946104E+00
 7.318041945E+00 7.407430358E+00 7.493306356E+00 7.575855562E+00 7.655254132E+00
 7.731668585E+00 7.805255532E+00 7.876161334E+00 7.944521647E+00 8.010460901E+00
 8.074091671E+00 8.135513969E+00 8.194814436E+00 8.252065443E+00 8.307324098E+00
 8.360631147E+00 8.412009781E+00 8.461464332E+00 8.508978872E+00 8.554515700E+00
 8.598013727E+00 8.639386767E+00 8.678521720E+00 8.715276694E+00 8.749479043E+00
 8.780923392E+00 8.809369650E+00 8.834541090E+00 8.856122570E+00 8.873758984E+00
 8.887054100E+00 8.895569955E+00 8.898827057E+00 8.896305700E+00 8.887448806E+00
 8.871666808E+00 8.848345237E+00 8.816855835E+00 8.776572218E+00 8.726891331E+00
 8.667262157E+00 8.597223386E+00 8.516451883E+00 8.424823808E+00 8.322489985E+00
 8.209966352E+00 8.088238769E+00 7.958878788E+00 7.824162714E+00 7.687180189E+00
 7.551910815E+00 7.423239058E+00 7.306871648E+00 7.209122427E+00 7.136542725E+00
 7.095404940E+00 7.091090824E+00 7.127481932E+00 7.206476877E+00 7.327748762E+00
 7.488802307E+00 7.685312223E+00 7.911655096E+00 8.161513605E+00 8.428440647E+00
 8.706308416E+00 8.989612432E+00 9.273636567E+00 9.554505765E+00 9.829159885E+00
 1.009527964E+01 1.035118904E+01 1.059575126E+01 1.175068579E+01 1.167583997E+01
 1.156917567E+01 1.143065473E+01 1.126022955E+01 1.105784363E+01 1.082343086E+01
 1.055691258E+01 1.025819088E+01 9.927135826E+00 9.563564050E+00 9.167205328E+00
 8.737653859E+00 8.274302597E+00 7.776264095E+00 7.242294114E+00 6.670763136E+00
 6.059783029E+00 5.407727469E+00 4.714655232E+00 3.985656159E+00 3.237838063E+00
 2.512338477E+00 1.886313412E+00 1.461555870E+00 1.305576788E+00 1.395532442E+00
 1.645490548E+00 1.971948895E+00 2.321965361E+00 2.668709068E+00 3.000573779E+00
 3.313538202E+00 3.607045602E+00 3.881991992E+00 4.139789849E+00 4.381949567E+00
 4.609904242E+00 4.824946815E+00 5.028217647E+00 5.220713348E+00 5.403303258E+00
 5.576747440E+00 5.741713556E+00 5.898791686E+00 6.048506902E+00 6.191329766E+00
 6.327684971E+00 6.457958451E+00 6.582503188E+00 6.701643957E+00 6.815681191E+00
 6.924894132E+00 7.029543376E+00 7.129872930E+00 7.226111856E+00 7.318475566E+00
 7.407166830E+00 7.492376527E+00 7.574284191E+00 7.653058356E+00 7.728856756E+00
 7.801826360E+00 7.872103286E+00 7.939812595E+00 8.005067972E+00 8.067971299E+00
 8.128612141E+00 8.187067127E+00 8.243399254E+00 8.297657092E+00 8.349873919E+00
 8.400066766E+00 8.448235397E+00 8.494361209E+00 8.538406077E+00 8.580311140E+00
 8.619995552E+00 8.657355201E+00 8.692261437E+00 8.724559823E+00 8.754068960E+00
 8.780579438E+00 8.803852980E+00 8.823621871E+00 8.839588788E+00 8.851427173E+00
 8.858782345E+00 8.861273575E+00 8.858497418E+00 8.850032654E+00 8.835447290E+00
 8.814308120E+00 8.786193484E+00 8.750709928E+00 8.707513569E+00 8.656337009E+00
 8.597022658E+00 8.529563203E+00 8.454149665E+00 8.371226964E+00 8.281555960E+00
 8.186279534E+00 8.086988204E+00 7.985778146E+00 7.885291267E+00 7.788723906E+00
 7.699788466E+00 7.622612522E+00 7.561564302E+00 7.521003310E+00 7.504970278E+00
 7.516848906E+00 7.559047609E+00 7.632755778E+00 7.737820951E+00 7.872770848E+00
 8.034974015E+00 8.220905133E+00 8.426464656E+00 8.647300920E+00 8.879093594E+00
 9.117774085E+00 9.359675180E+00 9.601614677E+00 9.840924967E+00 1.007544294E+01
 1.030347393E+01 1.052374109E+01 1.175276120E+01 1.168073803E+01 1.157805656E+01
 1.144463212E+01 1.128034701E+01 1.108504251E+01 1.085850645E+01 1.060045460E+01
 1.031050288E+01 9.988126542E+00 9.632601174E+00 9.242917982E+00 8.817663748E+00
 8.354852308E+00 7.851690393E+00 7.304255969E+00 6.707063500E+00 6.052494973E+00
 5.330115624E+00 4.526072134E+00 3.623476792E+00 2.607381500E+00 1.487716411E+00
 3.785507476E-01-3.664257703E-01-3.805758545E-01 1.358144242E-01 7.903441037E-01
 1.409991363E+00 1.957288122E+00 2.435336453E+00 2.855362436E+00 3.228271567E+00
 3.562963681E+00 3.866363922E+00 4.143803581E+00 4.399399651E+00 4.636359536E+00
 4.857210297E+00 5.063967486E+00 5.258258958E+00 5.441415943E+00 5.614540464E+00
 5.778555668E+00 5.934243738E+00 6.082274711E+00 6.223228587E+00 6.357612442E+00
 6.485873771E+00 6.608410980E+00 6.725581675E+00 6.837709245E+00 6.945088110E+00
 7.047987911E+00 7.146656855E+00 7.241324380E+00 7.332203269E+00 7.419491311E+00
 7.503372582E+00 7.584018430E+00 7.661588178E+00 7.736229627E+00 7.808079350E+00
 7.877262833E+00 7.943894472E+00 8.008077438E+00 8.069903434E+00 8.129452352E+00
 8.186791831E+00 8.241976747E+00 8.295048613E+00 8.346034925E+00 8.394948442E+00
 8.441786424E+00 8.486529822E+00 8.529142454E+00 8.569570156E+00 8.607739952E+00
 8.643559250E+00 8.676915100E+00 8.707673556E+00 8.735679178E+00 8.760754742E+00
 8.782701233E+00 8.801298206E+00 8.816304628E+00 8.827460352E+00 8.834488367E+00
 8.837098050E+00 8.834989645E+00 8.827860255E+00 8.815411678E+00 8.797360446E+00
 8.773450487E+00 8.743468824E+00 8.707264746E+00 8.664772823E+00 8.616040028E+00
 8.561256999E+00 8.500793161E+00 8.435234820E+00 8.365424652E+00 8.292499954E+00
 8.217925782E+00 8.143517729E+00 8.071447758E+00 8.004225603E+00 7.944648311E+00
 7.895712109E+00 7.860484444E+00 7.841939982E+00 7.842771845E+00 7.865197040E+00
 7.910780493E+00 7.980303189E+00 8.073695095E+00 8.190043527E+00 8.327674717E+00
 8.484294228E+00 8.657163762E+00 8.843289447E+00 9.039599472E+00 9.243095196E+00
 9.450967256E+00 9.660674811E+00 9.869990925E+00 1.007701986E+01 1.028019306E+01
 1.047825038E+01 1.175490394E+01 1.168579904E+01 1.158724428E+01 1.145911847E+01
 1.130124992E+01 1.111340278E+01 1.089525729E+01 1.064638134E+01 1.036619011E+01
 1.005388897E+01 9.708392673E+00 9.328211181E+00 8.911287228E+00 8.454763340E+00
 7.954642425E+00 7.405281941E+00 6.798615317E+00 6.122900364E+00 5.360590916E+00
 4.484450995E+00 3.449798677E+00 2.177185266E+00 5.080821192E-01-1.915654600E+00
-5.080669184E+00-3.296010619E+00-1.169617917E+00 1.658424526E-01 1.101979019E+00
 1.813282241E+00 2.383549059E+00 2.858327962E+00 3.264765948E+00 3.620173670E+00
 3.936167863E+00 4.220861863E+00 4.480108023E+00 4.718242732E+00 4.938553688E+00
 5.143583911E+00 5.335335667E+00 5.515410817E+00 5.685109608E+00 5.845501589E+00
 5.997477444E+00 6.141787471E+00 6.279070580E+00 6.409876416E+00 6.534682433E+00
 6.653907194E+00 6.767920814E+00 6.877053213E+00 6.981600666E+00 7.081831020E+00
 7.177987853E+00 7.270293791E+00 7.358953140E+00 7.444153975E+00 7.526069769E+00
 7.604860658E+00 7.680674397E+00 7.753647053E+00 7.823903498E+00 7.891557700E+00
 7.956712876E+00 8.019461498E+00 8.079885195E+00 8.138054552E+00 8.194028821E+00
 8.247855563E+00 8.299570231E+00 8.349195694E+00 8.396741732E+00 8.442204501E+00
 8.485565986E+00 8.526793458E+00 8.565838952E+00 8.602638794E+00 8.637113199E+00
 8.669165971E+00 8.698684349E+00 8.725539055E+00 8.749584578E+00 8.770659795E+00
 8.788588987E+00 8.803183374E+00 8.814243258E+00 8.821560949E+00 8.824924597E+00
 8.824123136E+00 8.818952538E+00 8.809223580E+00 8.794771380E+00 8.775466904E+00
 8.751230676E+00 8.722048814E+00 8.687991497E+00 8.649233736E+00 8.606078181E+00
 8.558979321E+00 8.508568053E+00 8.455675069E+00 8.401350876E+00 8.346879646E+00
 8.293783443E+00 8.243813015E+00 8.198921318E+00 8.161216580E+00 8.132893250E+00
 8.116141572E+00 8.113039830E+00 8.125436911E+00 8.154836082E+00 8.202292811E+00
 8.268339246E+00 8.352945302E+00 8.455521472E+00 8.574962558E+00 8.709725784E+00
 8.857932655E+00 9.017482039E+00 9.186162464E+00 9.361753921E+00 9.542112707E+00
 9.725236225E+00 9.909307478E+00 1.009272106E+01 1.027409364E+01 1.045226234E+01
 1.175713974E+01 1.169108753E+01 1.159686597E+01 1.147433551E+01 1.132329789E+01
 1.114348046E+01 1.093451410E+01 1.069590241E+01 1.042697904E+01 1.012684897E+01
 9.794307508E+00 9.427728020E+00 9.024905435E+00 8.582835141E+00 8.097395208E+00
 7.562878514E+00 6.971281857E+00 6.311182384E+00 5.565875236E+00 4.710111922E+00
 3.704042186E+00 2.481445427E+00 9.285701431E-01-1.106975860E+00-3.036315727E+00
-2.257840712E+00-6.804162927E-01 5.005645431E-01 1.374490676E+00 2.052948961E+00
 2.602111207E+00 3.061245963E+00 3.454872353E+00 3.799075988E+00 4.104860126E+00
 4.380017210E+00 4.630228622E+00 4.859740399E+00 5.071794452E+00 5.268912691E+00
 5.453089463E+00 5.625925080E+00 5.788720514E+00 5.942545929E+00 6.088291187E+00
 6.226703711E+00 6.358417295E+00 6.483974294E+00 6.603842913E+00 6.718430792E+00
 6.828095744E+00 6.933154302E+00 7.033888535E+00 7.130551501E+00 7.223371615E+00
 7.312556141E+00 7.398293979E+00 7.480757880E+00 7.560106196E+00 7.636484242E+00
 7.710025344E+00 7.780851621E+00 7.849074557E+00 7.914795378E+00 7.978105284E+00
 8.039085553E+00 8.097807530E+00 8.154332529E+00 8.208711666E+00 8.260985620E+00
 8.311184356E+00 8.359326810E+00 8.405420558E+00 8.449461473E+00 8.491433395E+00
 8.531307829E+00 8.569043692E+00 8.604587127E+00 8.637871422E+00 8.668817056E+00
 8.697331920E+00 8.723311751E+00 8.746640835E+00 8.767193045E+00 8.784833276E+00
 8.799419371E+00 8.810804626E+00 8.818840975E+00 8.823382986E+00 8.824292776E+00
 8.821445982E+00 8.814738920E+00 8.804097053E+00 8.789484847E+00 8.770917099E+00
 8.748471698E+00 8.722303726E+00 8.692660647E+00 8.659898152E+00 8.624495999E+00
 8.587072910E+00 8.548399251E+00 8.509405917E+00 8.471187543E+00 8.434997944E+00
 8.402235714E+00 8.374418178E+00 8.353142524E+00 8.340034067E+00 8.336683054E+00
 8.344573189E+00 8.365006800E+00 8.399032994E+00 8.447385759E+00 8.510438612E+00
 8.588180876E+00 8.680218222E+00 8.785797168E+00 8.903850434E+00 9.033057771E+00
 9.171915756E+00 9.318809869E+00 9.472083011E+00 9.630096049E+00 9.791277627E+00
 9.954162099E+00 1.011741573E+01 1.027985226E+01 1.044043942E+01 1.175948193E+01
 1.169663667E+01 1.160698630E+01 1.149039439E+01 1.134666767E+01 1.117554172E+01
 1.097666132E+01 1.074955384E+01 1.049359371E+01 1.020795535E+01 9.891551011E+00
 9.542948994E+00 9.160266325E+00 8.741028356E+00 8.281986211E+00 7.778882863E+00
 7.226164006E+00 6.616653887E+00 5.941298649E+00 5.189344940E+00 4.350159092E+00
 3.420467054E+00 2.427685866E+00 1.488051560E+00 8.631302364E-01 7.823988115E-01
 1.132944829E+00 1.647568196E+00 2.170832716E+00 2.650706982E+00 3.077993952E+00
 3.456768736E+00 3.794038360E+00 4.096578141E+00 4.370142428E+00 4.619414313E+00
 4.848156240E+00 5.059389246E+00 5.255550682E+00 5.438620658E+00 5.610219968E+00
 5.771685161E+00 5.924126206E+00 6.068471164E+00 6.205501125E+00 6.335877815E+00
 6.460165577E+00 6.578848989E+00 6.692347047E+00 6.801024609E+00 6.905201649E+00
 7.005160746E+00 7.101153143E+00 7.193403643E+00 7.282114570E+00 7.367468953E+00
 7.449633083E+00 7.528758555E+00 7.604983890E+00 7.678435800E+00 7.749230173E+00
 7.817472811E+00 7.883259980E+00 7.946678784E+00 8.007807413E+00 8.066715265E+00
 8.123462991E+00 8.178102448E+00 8.230676605E+00 8.281219396E+00 8.329755544E+00
 8.376300369E+00 8.420859591E+00 8.463429142E+00 8.503995009E+00 8.542533120E+00
 8.579009297E+00 8.613379294E+00 8.645588958E+00 8.675574523E+00 8.703263097E+00
 8.728573357E+00 8.751416516E+00 8.771697605E+00 8.789317131E+00 8.804173166E+00
 8.816163949E+00 8.825191073E+00 8.831163321E+00 8.834001246E+00 8.833642556E+00
 8.830048367E+00 8.823210369E+00 8.813158912E+00 8.799971979E+00 8.783784939E+00
 8.764800906E+00 8.743301395E+00 8.719656863E+00 8.694336529E+00 8.667916731E+00
 8.641086895E+00 8.614652012E+00 8.589530463E+00 8.566745989E+00 8.547412738E+00
 8.532712627E+00 8.523864765E+00 8.522087397E+00 8.528553697E+00 8.544343688E+00
 8.570395426E+00 8.607459178E+00 8.656058539E+00 8.716462090E+00 8.788668325E+00
 8.872405290E+00 8.967144844E+00 9.072129951E+00 9.186412198E+00 9.308896002E+00
 9.438385689E+00 9.573631936E+00 9.713374659E+00 9.856380248E+00 1.000147196E+01
 1.014755304E+01 1.029362274E+01 1.043878603E+01 1.176192837E+01 1.170244117E+01
 1.161759478E+01 1.150727603E+01 1.137132558E+01 1.120952738E+01 1.102159468E+01
 1.080715201E+01 1.056571260E+01 1.029665051E+01 9.999167377E+00 9.672254165E+00
 9.314649951E+00 8.924803159E+00 8.500847361E+00 8.040617681E+00 7.541762082E+00
 7.002059287E+00 6.420169460E+00 5.797258302E+00 5.140272868E+00 4.467897199E+00
 3.819186898E+00 3.259408146E+00 2.867221804E+00 2.693073438E+00 2.723373241E+00
 2.896522958E+00 3.146437983E+00 3.426458344E+00 3.710157921E+00 3.984583835E+00
 4.244285293E+00 4.487626182E+00 4.714788107E+00 4.926750642E+00 5.124787181E+00
 5.310222330E+00 5.484319591E+00 5.648233569E+00 5.802994175E+00 5.949506775E+00
 6.088560135E+00 6.220837899E+00 6.346931223E+00 6.467351246E+00 6.582540678E+00
 6.692884172E+00 6.798717361E+00 6.900334584E+00 6.997995409E+00 7.091930078E+00
 7.182344019E+00 7.269421556E+00 7.353328949E+00 7.434216859E+00 7.512222349E+00
 7.587470479E+00 7.660075584E+00 7.730142265E+00 7.797766168E+00 7.863034557E+00
 7.926026747E+00 7.986814388E+00 8.045461664E+00 8.102025381E+00 8.156555004E+00
 8.209092629E+00 8.259672915E+00 8.308322993E+00 8.355062352E+00 8.399902734E+00
 8.442848032E+00 8.483894217E+00 8.523029306E+00 8.560233388E+00 8.595478725E+00
 8.628729953E+00 8.659944404E+00 8.689072573E+00 8.716058763E+00 8.740841941E+00
 8.763356845E+00 8.783535364E+00 8.801308269E+00 8.816607299E+00 8.829367688E+00
 8.839531148E+00 8.847049386E+00 8.851888161E+00 8.854031938E+00 8.853489143E+00
 8.850298008E+00 8.844532973E+00 8.836311559E+00 8.825801578E+00 8.813228482E+00
 8.798882557E+00 8.783125603E+00 8.766396633E+00 8.749216015E+00 8.732187422E+00
 8.715996894E+00 8.701408281E+00 8.689254439E+00 8.680423661E+00 8.675841097E+00
 8.676445266E+00 8.683160210E+00 8.696864370E+00 8.718357729E+00 8.748329241E+00
 8.787326788E+00 8.835731972E+00 8.893741786E+00 8.961358699E+00 9.038389994E+00
 9.124456324E+00 9.219008665E+00 9.321352126E+00 9.430674620E+00 9.546078188E+00
 9.666610810E+00 9.791296813E+00 9.919164394E+00 1.004926923E+01 1.018071365E+01
 1.031266120E+01 1.044434678E+01 1.176446192E+01 1.170845869E+01 1.162860939E+01
 1.152483954E+01 1.139704516E+01 1.124508711E+01 1.106878408E+01 1.086790459E+01
 1.064215853E+01 1.039118929E+01 1.011456866E+01 9.811798037E+00 9.482322569E+00
 9.125569196E+00 8.741027483E+00 8.328404620E+00 7.887905788E+00 7.420719742E+00
 6.929823070E+00 6.421232384E+00 5.905757610E+00 5.400974408E+00 4.932324025E+00
 4.531144134E+00 4.227553139E+00 4.039779991E+00 3.966881939E+00 3.990864106E+00
 4.085803510E+00 4.226656034E+00 4.393692089E+00 4.573156035E+00 4.756186146E+00
 4.937402338E+00 5.113728925E+00 5.283557300E+00 5.446189628E+00 5.601478463E+00
 5.749594703E+00 5.890879000E+00 6.025748346E+00 6.154639534E+00 6.277977042E+00
 6.396156608E+00 6.509538442E+00 6.618446006E+00 6.723167767E+00 6.823960333E+00
 6.921052065E+00 7.014646663E+00 7.104926475E+00 7.192055429E+00 7.276181568E+00
 7.357439183E+00 7.435950606E+00 7.511827676E+00 7.585172941E+00 7.656080616E+00
 7.724637346E+00 7.790922798E+00 7.855010105E+00 7.916966196E+00 7.976852018E+00
 8.034722683E+00 8.090627535E+00 8.144610177E+00 8.196708449E+00 8.246954371E+00
 8.295374079E+00 8.341987740E+00 8.386809481E+00 8.429847324E+00 8.471103148E+00
 8.510572690E+00 8.548245599E+00 8.584105552E+00 8.618130456E+00 8.650292750E+00
 8.680559827E+00 8.708894595E+00 8.735256216E+00 8.759601022E+00 8.781883661E+00
 8.802058491E+00 8.820081253E+00 8.835911056E+00 8.849512699E+00 8.860859364E+00
 8.869935696E+00 8.876741282E+00 8.881294541E+00 8.883636998E+00 8.883837918E+00
 8.881999221E+00 8.878260605E+00 8.872804709E+00 8.865862152E+00 8.857716191E+00
 8.848706709E+00 8.839233190E+00 8.829756256E+00 8.820797365E+00 8.812936221E+00
 8.806805471E+00 8.803082390E+00 8.802477309E+00 8.805718801E+00 8.813535816E+00
 8.826637297E+00 8.845690035E+00 8.871295872E+00 8.903969497E+00 8.944118263E+00
 8.992025384E+00 9.047837722E+00 9.111559085E+00 9.183049500E+00 9.262030491E+00
 9.348095900E+00 9.440727384E+00 9.539313432E+00 9.643170565E+00 9.751565407E+00
 9.863736364E+00 9.978913899E+00 1.009633861E+01 1.021527662E+01 1.033503199E+01
 1.045495621E+01 1.176705338E+01 1.171461752E+01 1.163989248E+01 1.154285135E+01
 1.142345720E+01 1.128166211E+01 1.111740667E+01 1.093062089E+01 1.072122755E+01
 1.048914995E+01 1.023432706E+01 9.956740388E+00 9.656459522E+00 9.333716208E+00
 8.989021449E+00 8.623345353E+00 8.238384715E+00 7.836944686E+00 7.423449810E+00
 7.004559392E+00 6.589767861E+00 6.191707468E+00 5.825685960E+00 5.507975000E+00
 5.252810872E+00 5.069008342E+00 4.957822505E+00 4.913239684E+00 4.924378544E+00
 4.978552436E+00 5.063675318E+00 5.169543852E+00 5.288199053E+00 5.413772117E+00
 5.542132559E+00 5.670507681E+00 5.797137413E+00 5.920981849E+00 6.041486045E+00
 6.158402712E+00 6.271668082E+00 6.381321088E+00 6.487453962E+00 6.590183569E+00
 6.689635473E+00 6.785935455E+00 6.879205223E+00 6.969560443E+00 7.057110015E+00
 7.141956010E+00 7.224193927E+00 7.303913106E+00 7.381197167E+00 7.456124452E+00
 7.528768420E+00 7.599197982E+00 7.667477782E+00 7.733668409E+00 7.797826556E+00
 7.860005126E+00 7.920253277E+00 7.978616445E+00 8.035136309E+00 8.089850743E+00
 8.142793734E+00 8.193995290E+00 8.243481333E+00 8.291273592E+00 8.337389499E+00
 8.381842099E+00 8.424639970E+00 8.465787186E+00 8.505283306E+00 8.543123415E+00
 8.579298226E+00 8.613794246E+00 8.646594037E+00 8.677676568E+00 8.707017685E+00
 8.734590717E+00 8.760367228E+00 8.784317938E+00 8.806413846E+00 8.826627545E+00
 8.844934783E+00 8.861316262E+00 8.875759710E+00 8.888262213E+00 8.898832846E+00
 8.907495564E+00 8.914292364E+00 8.919286677E+00 8.922566940E+00 8.924250284E+00
 8.924486242E+00 8.923460336E+00 8.921397404E+00 8.918564462E+00 8.915272874E+00
 8.911879585E+00 8.908787140E+00 8.906442210E+00 8.905332364E+00 8.905980857E+00
 8.908939289E+00 8.914778063E+00 8.924074740E+00 8.937400496E+00 8.955305113E+00
 8.978301072E+00 9.006847464E+00 9.041334577E+00 9.082070023E+00 9.129267262E+00
 9.183037266E+00 9.243383857E+00 9.310203033E+00 9.383286299E+00 9.462327740E+00
 9.546934340E+00 9.636638850E+00 9.730914388E+00 9.829189940E+00 9.930865947E+00
 1.003532926E+01 1.014196691E+01 1.025017822E+01 1.035938511E+01 1.046904034E+01
 1.176966605E+01 1.172082803E+01 1.165127329E+01 1.156102481E+01 1.145011486E+01
 1.131858770E+01 1.116650413E+01 1.099394856E+01 1.080104027E+01 1.058795036E+01
 1.035492736E+01 1.010233493E+01 9.830706623E+00 9.540823589E+00 9.233822727E+00
 8.911342384E+00 8.575710721E+00 8.230174299E+00 7.879148135E+00 7.528439450E+00
 7.185355510E+00 6.858563877E+00 6.557564580E+00 6.291708801E+00 6.068884849E+00
 5.894224960E+00 5.769296868E+00 5.692089445E+00 5.657746383E+00 5.659696774E+00
 5.690770032E+00 5.744036570E+00 5.813321896E+00 5.893468527E+00 5.980434089E+00
 6.071264110E+00 6.163948069E+00 6.257194236E+00 6.350193470E+00 6.442431107E+00
 6.533564717E+00 6.623354891E+00 6.711628599E+00 6.798259507E+00 6.883156383E+00
 6.966255333E+00 7.047514023E+00 7.126907125E+00 7.204422654E+00 7.280059018E+00
 7.353822646E+00 7.425726084E+00 7.495786485E+00 7.564024395E+00 7.630462776E+00
 7.695126215E+00 7.758040274E+00 7.819230940E+00 7.878724161E+00 7.936545439E+00
 7.992719473E+00 8.047269833E+00 8.100218664E+00 8.151586418E+00 8.201391601E+00
 8.249650546E+00 8.296377206E+00 8.341582969E+00 8.385276502E+00 8.427463623E+00
 8.468147211E+00 8.507327154E+00 8.545000349E+00 8.581160752E+00 8.615799498E+00
 8.648905090E+00 8.680463676E+00 8.710459415E+00 8.738874959E+00 8.765692049E+00
 8.790892245E+00 8.814457803E+00 8.836372717E+00 8.856623922E+00 8.875202693E+00
 8.892106229E+00 8.907339433E+00 8.920916898E+00 8.932865081E+00 8.943224652E+00
 8.952053006E+00 8.959426890E+00 8.965445097E+00 8.970231160E+00 8.973935964E+00
 8.976740153E+00 8.978856227E+00 8.980530156E+00 8.982042372E+00 8.983707933E+00
 8.985875707E+00 8.988926376E+00 8.993269132E+00 8.999336919E+00 9.007580198E+00
 9.018459214E+00 9.032434894E+00 9.049958580E+00 9.071460895E+00 9.097340181E+00
 9.127950984E+00 9.163593158E+00 9.204502136E+00 9.250840931E+00 9.302694303E+00
 9.360065460E+00 9.422875461E+00 9.490965362E+00 9.564100939E+00 9.641979702E+00
 9.724239760E+00 9.810470040E+00 9.900221319E+00 9.993017521E+00 1.008836682E+01
 1.018577206E+01 1.028474033E+01 1.038479118E+01 1.048546371E+01 1.177226058E+01
 1.172699460E+01 1.166257119E+01 1.157906005E+01 1.147655715E+01 1.135518987E+01
 1.121512445E+01 1.105657658E+01 1.087982624E+01 1.068523814E+01 1.047328983E+01
 1.024460937E+01 1.000002543E+01 9.740632032E+00 9.467870047E+00 9.183625431E+00
 8.890340613E+00 8.591128762E+00 8.289870640E+00 7.991260934E+00 7.700758928E+00
 7.424394826E+00 7.168399120E+00 6.938666495E+00 6.740132352E+00 6.576201143E+00
 6.448380139E+00 6.356216256E+00 6.297527907E+00 6.268825858E+00 6.265779620E+00
 6.283626549E+00 6.317521174E+00 6.362918486E+00 6.416040873E+00 6.474239416E+00
 6.535960115E+00 6.600355082E+00 6.666874889E+00 6.735048027E+00 6.804419845E+00
 6.874558629E+00 6.945072895E+00 7.015621794E+00 7.085917265E+00 7.155720901E+00
 7.224838289E+00 7.293112648E+00 7.360418687E+00 7.426657123E+00 7.491749984E+00
 7.555636665E+00 7.618270677E+00 7.679616966E+00 7.739649719E+00 7.798350560E+00
 7.855707054E+00 7.911711475E+00 7.966359761E+00 8.019650646E+00 8.071584906E+00
 8.122164728E+00 8.171393144E+00 8.219273560E+00 8.265809332E+00 8.311003402E+00
 8.354857982E+00 8.397374293E+00 8.438552339E+00 8.478390737E+00 8.516886592E+00
 8.554035426E+00 8.589831160E+00 8.624266159E+00 8.657331348E+00 8.689016394E+00
 8.719309973E+00 8.748200131E+00 8.775674732E+00 8.801722025E+00 8.826331316E+00
 8.849493772E+00 8.871203349E+00 8.891457862E+00 8.910260201E+00 8.927619684E+00
 8.943553559E+00 8.958088642E+00 8.971263081E+00 8.983128223E+00 8.993750564E+00
 9.003213742E+00 9.011620519E+00 9.019094703E+00 9.025782922E+00 9.031856177E+00
 9.037511067E+00 9.042970575E+00 9.048484302E+00 9.054328027E+00 9.060802467E+00
 9.068231149E+00 9.076957290E+00 9.087339644E+00 9.099747306E+00 9.114553504E+00
 9.132128510E+00 9.152831807E+00 9.177003779E+00 9.204957206E+00 9.236968905E+00
 9.273271900E+00 9.314048484E+00 9.359424522E+00 9.409465305E+00 9.464173153E+00
 9.523486918E+00 9.587283383E+00 9.655380479E+00 9.727542141E+00 9.803484518E+00
 9.882883237E+00 9.965381344E+00 1.005059758E+01 1.013813467E+01 1.022758725E+01
 1.031854931E+01 1.041062084E+01 1.050341364E+01 1.177479922E+01 1.173302612E+01
 1.167361551E+01 1.159667693E+01 1.150235962E+01 1.139085889E+01 1.126242468E+01
 1.111737320E+01 1.095610216E+01 1.077911077E+01 1.058702513E+01 1.038063043E+01
 1.016091036E+01 9.929094353E+00 9.686711656E+00 9.435649722E+00 9.178211544E+00
 8.917162633E+00 8.655753890E+00 8.397702538E+00 8.147111821E+00 7.908314301E+00
 7.685635890E+00 7.483098282E+00 7.304101237E+00 7.151143198E+00 7.025637986E+00
 6.927861773E+00 6.857023438E+00 6.811404788E+00 6.788476206E+00 6.784877107E+00
 6.796253552E+00 6.817404403E+00 6.843673539E+00 6.872965758E+00 6.905617129E+00
 6.942447488E+00 6.983670020E+00 7.028929511E+00 7.077607363E+00 7.129030048E+00
 7.182566621E+00 7.237663338E+00 7.293849320E+00 7.350730516E+00 7.407979877E+00
 7.465327071E+00 7.522549075E+00 7.579462031E+00 7.635914394E+00 7.691781263E+00
 7.746959698E+00 7.801364887E+00 7.854926988E+00 7.907588527E+00 7.959302246E+00
 8.010029316E+00 8.059737840E+00 8.108401593E+00 8.155998960E+00 8.202512032E+00
 8.247925829E+00 8.292227640E+00 8.335406457E+00 8.377452483E+00 8.418356729E+00
 8.458110659E+00 8.496705915E+00 8.534134089E+00 8.570386562E+00 8.605454403E+00
 8.639328325E+00 8.671998709E+00 8.703455700E+00 8.733689362E+00 8.762689929E+00
 8.790448122E+00 8.816955561E+00 8.842205271E+00 8.866192284E+00 8.888914342E+00
 8.910372710E+00 8.930573096E+00 8.949526678E+00 8.967251239E+00 8.983772400E+00
 8.999124945E+00 9.013354221E+00 9.026517593E+00 9.038685926E+00 9.049945061E+00
 9.060397240E+00 9.070162430E+00 9.079379488E+00 9.088207090E+00 9.096824366E+00
 9.105431142E+00 9.114247720E+00 9.123514107E+00 9.133488629E+00 9.144445849E+00
 9.156673777E+00 9.170470312E+00 9.186138974E+00 9.203983943E+00 9.224304519E+00
 9.247389128E+00 9.273509059E+00 9.302912140E+00 9.335816592E+00 9.372405315E+00
 9.412820857E+00 9.457161293E+00 9.505477217E+00 9.557769982E+00 9.613991282E+00
 9.674044078E+00 9.737784833E+00 9.805026924E+00 9.875545062E+00 9.949080528E+00
 1.002534696E+01 1.010403647E+01 1.018482588E+01 1.026738276E+01 1.035137126E+01
 1.043645739E+01 1.052231378E+01 1.177724901E+01 1.173884347E+01 1.168425945E+01
 1.161363740E+01 1.152716717E+01 1.142509435E+01 1.130772878E+01 1.117545548E+01
 1.102874840E+01 1.086818756E+01 1.069447976E+01 1.050848311E+01 1.031123534E+01
 1.010398495E+01 9.888223743E+00 9.665717705E+00 9.438531844E+00 9.209042601E+00
 8.979930039E+00 8.754141341E+00 8.534818356E+00 8.325185957E+00 8.128404999E+00
 7.947402980E+00 7.784704592E+00 7.642289886E+00 7.521506520E+00 7.423053659E+00
 7.347039379E+00 7.293089943E+00 7.260438286E+00 7.247742321E+00 7.251751837E+00
 7.263262364E+00 7.267844236E+00 7.265291006E+00 7.266314228E+00 7.275500508E+00
 7.292815354E+00 7.317050304E+00 7.346925028E+00 7.381325203E+00 7.419324692E+00
 7.460161694E+00 7.503209553E+00 7.547951166E+00 7.593958175E+00 7.640874362E+00
 7.688402423E+00 7.736293404E+00 7.784338204E+00 7.832360716E+00 7.880212246E+00
 7.927766963E+00 7.974918155E+00 8.021575136E+00 8.067660686E+00 8.113108902E+00
 8.157863410E+00 8.201875843E+00 8.245104560E+00 8.287513553E+00 8.329071517E+00
 8.369751052E+00 8.409527981E+00 8.448380774E+00 8.486290056E+00 8.523238192E+00
 8.559208955E+00 8.594187257E+00 8.628158946E+00 8.661110672E+00 8.693029816E+00
 8.723904485E+00 8.753723572E+00 8.782476890E+00 8.810155375E+00 8.836751365E+00
 8.862258953E+00 8.886674425E+00 8.909996782E+00 8.932228336E+00 8.953375402E+00
 8.973449070E+00 8.992466050E+00 9.010449605E+00 9.027430540E+00 9.043448256E+00
 9.058551833E+00 9.072801141E+00 9.086267943E+00 9.099036960E+00 9.111206866E+00
 9.122891162E+00 9.134218894E+00 9.145335156E+00 9.156401318E+00 9.167594931E+00
 9.179109248E+00 9.191152308E+00 9.203945537E+00 9.217721836E+00 9.232723126E+00
 9.249197370E+00 9.267395071E+00 9.287565317E+00 9.309951439E+00 9.334786397E+00
 9.362288018E+00 9.392654243E+00 9.426058547E+00 9.462645720E+00 9.502528161E+00
 9.545782848E+00 9.592449125E+00 9.642527386E+00 9.695978729E+00 9.752725579E+00
 9.812653259E+00 9.875612427E+00 9.941422273E+00 1.000987433E+01 1.008073674E+01
 1.015375886E+01 1.022867589E+01 1.030521363E+01 1.038309292E+01 1.046203392E+01
 1.054175998E+01 1.177958359E+01 1.174438385E+01 1.169438765E+01 1.162975706E+01
 1.155070950E+01 1.145752358E+01 1.135054661E+01 1.123020390E+01 1.109701018E+01
 1.095158297E+01 1.079465818E+01 1.062710740E+01 1.044995660E+01 1.026440503E+01
 1.007184277E+01 9.873864635E+00 9.672277302E+00 9.469095839E+00 9.266525680E+00
 9.066926350E+00 8.872754776E+00 8.686488688E+00 8.510534423E+00 8.347127854E+00
 8.198241175E+00 8.065510855E+00 7.950202905E+00 7.853231764E+00 7.775252922E+00
 7.716868337E+00 7.679053466E+00 7.664176478E+00 7.679157175E+00 7.745075746E+00
 7.714506556E+00 7.639550552E+00 7.603826714E+00 7.588313487E+00 7.585802517E+00
 7.592718053E+00 7.606878391E+00 7.626774699E+00 7.651281437E+00 7.679519067E+00
 7.710779869E+00 7.744483398E+00 7.780147372E+00 7.817367357E+00 7.855801866E+00
 7.895161016E+00 7.935197660E+00 7.975700320E+00 8.016487467E+00 8.057402834E+00
 8.098311557E+00 8.139096953E+00 8.179657836E+00 8.219906242E+00 8.259765519E+00
 8.299168697E+00 8.338057099E+00 8.376379151E+00 8.414089368E+00 8.451147480E+00
 8.487517679E+00 8.523167986E+00 8.558069707E+00 8.592196972E+00 8.625526365E+00
 8.658036618E+00 8.689708378E+00 8.720524039E+00 8.750467648E+00 8.779524863E+00
 8.807682986E+00 8.834931056E+00 8.861260009E+00 8.886662910E+00 8.911135242E+00
 8.934675278E+00 8.957284504E+00 8.978968131E+00 8.999735652E+00 9.019601478E+00
 9.038585627E+00 9.056714459E+00 9.074021465E+00 9.090548076E+00 9.106344494E+00
 9.121470512E+00 9.135996319E+00 9.150003243E+00 9.163584413E+00 9.176845314E+00
 9.189904177E+00 9.202892187E+00 9.215953451E+00 9.229244704E+00 9.242934692E+00
 9.257203224E+00 9.272239840E+00 9.288242103E+00 9.305413488E+00 9.323960890E+00
 9.344091775E+00 9.366011017E+00 9.389917482E+00 9.416000451E+00 9.444435966E+00
 9.475383227E+00 9.508981136E+00 9.545345140E+00 9.584564466E+00 9.626699862E+00
 9.671781944E+00 9.719810199E+00 9.770752701E+00 9.824546532E+00 9.881098904E+00
 9.940288924E+00 1.000196993E+01 1.006597231E+01 1.013210668E+01 1.020016734E+01
 1.026993586E+01 1.034118465E+01 1.041368054E+01 1.048718814E+01 1.056147296E+01
 1.178178387E+01 1.174960222E+01 1.170391846E+01 1.164490755E+01 1.157280268E+01
 1.148790017E+01 1.139056562E+01 1.128124131E+01 1.116045490E+01 1.102882930E+01
 1.088709351E+01 1.073609399E+01 1.057680601E+01 1.041034399E+01 1.023796951E+01
 1.006109544E+01 9.881284156E+00 9.700237782E+00 9.519778556E+00 9.341817876E+00
 9.168313789E+00 9.001218254E+00 8.842417540E+00 8.693671240E+00 8.556557189E+00
 8.432430819E+00 8.322408004E+00 8.227381136E+00 8.148080365E+00 8.085198667E+00
 8.039610842E+00 8.012684640E+00 8.005978251E+00 8.011912215E+00 7.985269580E+00
 7.934103049E+00 7.894820795E+00 7.869729089E+00 7.855954922E+00 7.851149548E+00
 7.853605021E+00 7.862036871E+00 7.875438370E+00 7.892995069E+00 7.914033285E+00
 7.937987173E+00 7.964376365E+00 7.992789936E+00 8.022874362E+00 8.054324172E+00
 8.086874482E+00 8.120294924E+00 8.154384630E+00 8.188968049E+00 8.223891427E+00
 8.259019830E+00 8.294234602E+00 8.329431204E+00 8.364517349E+00 8.399411405E+00
 8.434041014E+00 8.468341902E+00 8.502256848E+00 8.535734791E+00 8.568730067E+00
 8.601201742E+00 8.633113053E+00 8.664430928E+00 8.695125586E+00 8.725170216E+00
 8.754540723E+00 8.783215534E+00 8.811175474E+00 8.838403707E+00 8.864885728E+00
 8.890609423E+00 8.915565188E+00 8.939746100E+00 8.963148160E+00 8.985770581E+00
 9.007616139E+00 9.028691577E+00 9.049008062E+00 9.068581687E+00 9.087434012E+00
 9.105592648E+00 9.123091853E+00 9.139973151E+00 9.156285946E+00 9.172088116E+00
 9.187446575E+00 9.202437777E+00 9.217148129E+00 9.231674300E+00 9.246123401E+00
 9.260612979E+00 9.275270837E+00 9.290234617E+00 9.305651137E+00 9.321675467E+00
 9.338469710E+00 9.356201498E+00 9.375042195E+00 9.395164829E+00 9.416741767E+00
 9.439942182E+00 9.464929350E+00 9.491857861E+00 9.520870791E+00 9.552096939E+00
 9.585648197E+00 9.621617157E+00 9.660075019E+00 9.701069889E+00 9.744625528E+00
 9.790740587E+00 9.839388367E+00 9.890517119E+00 9.944050842E+00 9.999890585E+00
 1.005791618E+01 1.011798832E+01 1.017995102E+01 1.024363414E+01 1.030885623E+01
 1.037542729E+01 1.044315152E+01 1.051183007E+01 1.058126356E+01 1.178383785E+01
 1.175447060E+01 1.171280213E+01 1.165901279E+01 1.159334160E+01 1.151609007E+01
 1.142762691E+01 1.132839357E+01 1.121891041E+01 1.109978352E+01 1.097171171E+01
 1.083549337E+01 1.069203265E+01 1.054234411E+01 1.038755503E+01 1.022890420E+01
 1.006773614E+01 9.905489517E+00 9.743679069E+00 9.583870376E+00 9.427647990E+00
 9.276578006E+00 9.132167303E+00 8.995822564E+00 8.868812741E+00 8.752238629E+00
 8.647012130E+00 8.553845093E+00 8.473241021E+00 8.405466344E+00 8.350433734E+00
 8.307322314E+00 8.273630718E+00 8.244037459E+00 8.212548390E+00 8.178827600E+00
 8.147452731E+00 8.121906611E+00 8.103280997E+00 8.091416401E+00 8.085717450E+00
 8.085490692E+00 8.090063102E+00 8.098818597E+00 8.111205524E+00 8.126734209E+00
 8.144971447E+00 8.165534391E+00 8.188084696E+00 8.212323200E+00 8.237985194E+00
 8.264836243E+00 8.292668525E+00 8.321297621E+00 8.350559698E+00 8.380309049E+00
 8.410415935E+00 8.440764695E+00 8.471252090E+00 8.501785851E+00 8.532283403E+00
 8.562670755E+00 8.592881518E+00 8.622856055E+00 8.652540735E+00 8.681887288E+00
 8.710852248E+00 8.739396478E+00 8.767484768E+00 8.795085508E+00 8.822170416E+00
 8.848714342E+00 8.874695120E+00 8.900093483E+00 8.924893031E+00 8.949080259E+00
 8.972644628E+00 8.995578698E+00 9.017878307E+00 9.039542795E+00 9.060575279E+00
 9.080982972E+00 9.100777532E+00 9.119975460E+00 9.138598512E+00 9.156674143E+00
 9.174235955E+00 9.191324150E+00 9.207985975E+00 9.224276132E+00 9.240257157E+00
 9.255999737E+00 9.271582939E+00 9.287094359E+00 9.302630130E+00 9.318294807E+00
 9.334201077E+00 9.350469295E+00 9.367226822E+00 9.384607154E+00 9.402748833E+00
 9.421794135E+00 9.441887559E+00 9.463174099E+00 9.485797356E+00 9.509897495E+00
 9.535609104E+00 9.563058992E+00 9.592363989E+00 9.623628807E+00 9.656944018E+00
 9.692384215E+00 9.730006418E+00 9.769848774E+00 9.811929594E+00 9.856246762E+00
 9.902777542E+00 9.951478775E+00 1.000228747E+01 1.005512177E+01 1.010988224E+01
 1.016645345E+01 1.022470583E+01 1.028449762E+01 1.034567705E+01 1.040808452E+01
 1.047155477E+01 1.053591906E+01 1.060100723E+01 1.178573979E+01 1.175897600E+01
 1.172101663E+01 1.167204141E+01 1.161228739E+01 1.154205166E+01 1.146169484E+01
 1.137164481E+01 1.127240091E+01 1.116453821E+01 1.104871162E+01 1.092565953E+01
 1.079620641E+01 1.066126403E+01 1.052183038E+01 1.037898588E+01 1.023388603E+01
 1.008775008E+01 9.941845182E+00 9.797466131E+00 9.655910963E+00 9.518453267E+00
 9.386312494E+00 9.260623811E+00 9.142409074E+00 9.032549891E+00 8.931762409E+00
 8.840570786E+00 8.759271735E+00 8.687875959E+00 8.626007328E+00 8.572756293E+00
 8.526570641E+00 8.485449247E+00 8.447695189E+00 8.412776606E+00 8.381310331E+00
 8.354247396E+00 8.332229688E+00 8.315455871E+00 8.303799107E+00 8.296949973E+00
 8.294515935E+00 8.296079025E+00 8.301226478E+00 8.309565931E+00 8.320732228E+00
 8.334389744E+00 8.350232354E+00 8.367982186E+00 8.387387797E+00 8.408222111E+00
 8.430280305E+00 8.453377761E+00 8.477348127E+00 8.502041512E+00 8.527322841E+00
 8.553070349E+00 8.579174221E+00 8.605535375E+00 8.632064358E+00 8.658680374E+00
 8.685310407E+00 8.711888449E+00 8.738354816E+00 8.764655547E+00 8.790741884E+00
 8.816569817E+00 8.842099699E+00 8.867295925E+00 8.892126667E+00 8.916563663E+00
 8.940582072E+00 8.964160363E+00 8.987280265E+00 9.009926764E+00 9.032088146E+00
 9.053756078E+00 9.074925739E+00 9.095595990E+00 9.115769575E+00 9.135453367E+00
 9.154658628E+00 9.173401309E+00 9.191702362E+00 9.209588058E+00 9.227090319E+00
 9.244247039E+00 9.261102382E+00 9.277707065E+00 9.294118587E+00 9.310401405E+00
 9.326627042E+00 9.342874104E+00 9.359228195E+00 9.375781716E+00 9.392633528E+00
 9.409888476E+00 9.427656749E+00 9.446053083E+00 9.465195801E+00 9.485205684E+00
 9.506204685E+00 9.528314508E+00 9.551655057E+00 9.576342785E+00 9.602488986E+00
 9.630198049E+00 9.659565732E+00 9.690677487E+00 9.723606890E+00 9.758414220E+00
 9.795145225E+00 9.833830118E+00 9.874482830E+00 9.917100552E+00 9.961663567E+00
 1.000813539E+01 1.005646320E+01 1.010657858E+01 1.015839847E+01 1.021182638E+01
 1.026675381E+01 1.032306178E+01 1.038062251E+01 1.043930110E+01 1.049895733E+01
 1.055944735E+01 1.062062535E+01 1.178748912E+01 1.176311773E+01 1.172856242E+01
 1.168399783E+01 1.162965322E+01 1.156581448E+01 1.149282628E+01 1.141109460E+01
 1.132108914E+01 1.122334580E+01 1.111846865E+01 1.100713135E+01 1.089007750E+01
 1.076811974E+01 1.064213691E+01 1.051306908E+01 1.038191000E+01 1.024969665E+01
 1.011749578E+01 9.986387513E+00 9.857446276E+00 9.731719611E+00 9.610205570E+00
 9.493829468E+00 9.383420650E+00 9.279689527E+00 9.183204438E+00 9.094366985E+00
 9.013383853E+00 8.940234049E+00 8.874636037E+00 8.816033199E+00 8.763636700E+00
 8.716568593E+00 8.674090861E+00 8.635800064E+00 8.601647210E+00 8.571784959E+00
 8.546378859E+00 8.525493181E+00 8.509063371E+00 8.496917101E+00 8.488809169E+00
 8.484453141E+00 8.483544854E+00 8.485778191E+00 8.490854977E+00 8.498490808E+00
 8.508418180E+00 8.520387890E+00 8.534169345E+00 8.549550190E+00 8.566335547E+00
 8.584347020E+00 8.603421599E+00 8.623410525E+00 8.644178166E+00 8.665600942E+00
 8.687566296E+00 8.709971746E+00 8.732723996E+00 8.755738134E+00 8.778936895E+00
 8.802249992E+00 8.825613527E+00 8.848969452E+00 8.872265102E+00 8.895452782E+00
 8.918489416E+00 8.941336237E+00 8.963958544E+00 8.986325493E+00 9.008409944E+00
 9.030188349E+00 9.051640686E+00 9.072750428E+00 9.093504560E+00 9.113893627E+00
 9.133911819E+00 9.153557089E+00 9.172831301E+00 9.191740401E+00 9.210294616E+00
 9.228508660E+00 9.246401964E+00 9.263998902E+00 9.281329015E+00 9.298427233E+00
 9.315334062E+00 9.332095762E+00 9.348764465E+00 9.365398251E+00 9.382061165E+00
 9.398823149E+00 9.415759892E+00 9.432952585E+00 9.450487563E+00 9.468455836E+00
 9.486952494E+00 9.506075990E+00 9.525927292E+00 9.546608920E+00 9.568223860E+00
 9.590874382E+00 9.614660768E+00 9.639679974E+00 9.666024252E+00 9.693779764E+00
 9.723025208E+00 9.753830505E+00 9.786255561E+00 9.820349162E+00 9.856148007E+00
 9.893675926E+00 9.932943295E+00 9.973946672E+00 1.001666866E+01 1.006107800E+01
 1.010712989E+01 1.015476657E+01 1.020391799E+01 1.025450283E+01 1.030642951E+01
 1.035959745E+01 1.041389832E+01 1.046921747E+01 1.052543526E+01 1.058242845E+01
 1.064007163E+01 1.178908927E+01 1.176690452E+01 1.173545705E+01 1.169491320E+01
 1.164549059E+01 1.158745929E+01 1.152114314E+01 1.144692113E+01 1.136522868E+01
 1.127655864E+01 1.118146186E+01 1.108054716E+01 1.097448028E+01 1.086398175E+01
 1.074982329E+01 1.063282246E+01 1.051383548E+01 1.039374797E+01 1.027346360E+01
 1.015389076E+01 1.003592746E+01 9.920444864E+00 9.808269723E+00 9.700166409E+00
 9.596818798E+00 9.498812359E+00 9.406616641E+00 9.320568363E+00 9.240855874E+00
 9.167507264E+00 9.100387202E+00 9.039211005E+00 8.983585306E+00 8.933077404E+00
 8.887298031E+00 8.845965353E+00 8.808921297E+00 8.776098669E+00 8.747464916E+00
 8.722972680E+00 8.702532167E+00 8.686004439E+00 8.673207655E+00 8.663928617E+00
 8.657934779E+00 8.654984534E+00 8.654835123E+00 8.657248330E+00 8.661994321E+00
 8.668854088E+00 8.677620847E+00 8.688100711E+00 8.700112837E+00 8.713489234E+00
 8.728074336E+00 8.743724438E+00 8.760307045E+00 8.777700187E+00 8.795791719E+00
 8.814478638E+00 8.833666424E+00 8.853268413E+00 8.873205212E+00 8.893404162E+00
 8.913798835E+00 8.934328591E+00 8.954938170E+00 8.975577333E+00 8.996200548E+00
 9.016766721E+00 9.037238958E+00 9.057584384E+00 9.077773987E+00 9.097782505E+00
 9.117588353E+00 9.137173577E+00 9.156523846E+00 9.175628472E+00 9.194480460E+00
 9.213076588E+00 9.231417498E+00 9.249507819E+00 9.267356303E+00 9.284975967E+00
 9.302384246E+00 9.319603143E+00 9.336659381E+00 9.353584531E+00 9.370415128E+00
 9.387192755E+00 9.403964090E+00 9.420780911E+00 9.437700036E+00 9.454783214E+00
 9.472096929E+00 9.489712134E+00 9.507703892E+00 9.526150932E+00 9.545135098E+00
 9.564740714E+00 9.585053845E+00 9.606161466E+00 9.628150552E+00 9.651107092E+00
 9.675115039E+00 9.700255222E+00 9.726604231E+00 9.754233299E+00 9.783207214E+00
 9.813583267E+00 9.845410278E+00 9.878727724E+00 9.913564972E+00 9.949940669E+00
 9.987862276E+00 1.002732578E+01 1.006831556E+01 1.011080449E+01 1.015475415E+01
 1.020011526E+01 1.024682824E+01 1.029482395E+01 1.034402451E+01 1.039434428E+01
 1.044569084E+01 1.049796613E+01 1.055106753E+01 1.060488899E+01 1.065932212E+01
 1.179054656E+01 1.177035187E+01 1.174173014E+01 1.170483742E+01 1.165987722E+01
 1.160710111E+01 1.154680935E+01 1.147935150E+01 1.140512673E+01 1.132458393E+01
 1.123822136E+01 1.114658557E+01 1.105026970E+01 1.094991069E+01 1.084618535E+01
 1.073980522E+01 1.063150999E+01 1.052205937E+01 1.041222372E+01 1.030277311E+01
 1.019446532E+01 1.008803297E+01 9.984169892E+00 9.883517425E+00 9.786650747E+00
 9.694065808E+00 9.606167293E+00 9.523258348E+00 9.445533176E+00 9.373074310E+00
 9.305857025E+00 9.243763510E+00 9.186608075E+00 9.134171125E+00 9.086234923E+00
 9.042611202E+00 9.003152731E+00 8.967747785E+00 8.936303535E+00 8.908727175E+00
 8.884911492E+00 8.864727463E+00 8.848023152E+00 8.834626775E+00 8.824351770E+00
 8.817002326E+00 8.812378473E+00 8.810280334E+00 8.810511449E+00 8.812881228E+00
 8.817206672E+00 8.823313487E+00 8.831036740E+00 8.840221160E+00 8.850721181E+00
 8.862400797E+00 8.875133285E+00 8.888800851E+00 8.903294208E+00 8.918512141E+00
 8.934361052E+00 8.950754509E+00 8.967612814E+00 8.984862586E+00 9.002436369E+00
 9.020272269E+00 9.038313626E+00 9.056508710E+00 9.074810456E+00 9.093176227E+00
 9.111567610E+00 9.129950251E+00 9.148293708E+00 9.166571349E+00 9.184760268E+00
 9.202841234E+00 9.220798666E+00 9.238620635E+00 9.256298880E+00 9.273828856E+00
 9.291209792E+00 9.308444765E+00 9.325540782E+00 9.342508878E+00 9.359364207E+00
 9.376126133E+00 9.392818316E+00 9.409468781E+00 9.426109969E+00 9.442778760E+00
 9.459516465E+00 9.476368775E+00 9.493385662E+00 9.510621234E+00 9.528133517E+00
 9.545984187E+00 9.564238219E+00 9.582963469E+00 9.602230183E+00 9.622110428E+00
 9.642677449E+00 9.664004965E+00 9.686166390E+00 9.709234017E+00 9.733278147E+00
 9.758366195E+00 9.784561788E+00 9.811923856E+00 9.840505758E+00 9.870354443E+00
 9.901509667E+00 9.934003303E+00 9.967858732E+00 1.000309035E+01 1.003970321E+01
 1.007769277E+01 1.011704481E+01 1.015773546E+01 1.019973142E+01 1.024299022E+01
 1.028746073E+01 1.033308369E+01 1.037979236E+01 1.042751330E+01 1.047616717E+01
 1.052566961E+01 1.057593210E+01 1.062686292E+01 1.067836803E+01 1.179186921E+01
 1.177347971E+01 1.174741918E+01 1.171383226E+01 1.167290708E+01 1.162487543E+01
 1.157001292E+01 1.150863893E+01 1.144111643E+01 1.136785138E+01 1.128929177E+01
 1.120592608E+01 1.111828111E+01 1.102691897E+01 1.093243327E+01 1.083544420E+01
 1.073659277E+01 1.063653380E+01 1.053592810E+01 1.043543362E+01 1.033569584E+01
 1.023733773E+01 1.014094922E+01 1.004707688E+01 9.956213783E+00 9.868790264E+00
 9.785165881E+00 9.705623282E+00 9.630364765E+00 9.559512469E+00 9.493113129E+00
 9.431147975E+00 9.373547433E+00 9.320208938E+00 9.271014803E+00 9.225846584E+00
 9.184593226E+00 9.147152402E+00 9.113426602E+00 9.083316802E+00 9.056716413E+00
 9.033507207E+00 9.013557745E+00 8.996723967E+00 8.982851275E+00 8.971777372E+00
 8.963335311E+00 8.957356372E+00 8.953672574E+00 8.952118744E+00 8.952534137E+00
 8.954763640E+00 8.958658626E+00 8.964077517E+00 8.970886098E+00 8.978957657E+00
 8.988172980E+00 8.998420235E+00 9.009594788E+00 9.021598962E+00 9.034341763E+00
 9.047738590E+00 9.061710933E+00 9.076186078E+00 9.091096816E+00 9.106381169E+00
 9.121982127E+00 9.137847412E+00 9.153929259E+00 9.170184222E+00 9.186573000E+00
 9.203060295E+00 9.219614681E+00 9.236208511E+00 9.252817833E+00 9.269422341E+00
 9.286005333E+00 9.302553701E+00 9.319057928E+00 9.335512109E+00 9.351913975E+00
 9.368264937E+00 9.384570131E+00 9.400838468E+00 9.417082683E+00 9.433319381E+00
 9.449569075E+00 9.465856205E+00 9.482209144E+00 9.498660176E+00 9.515245449E+00
 9.532004887E+00 9.548982065E+00 9.566224042E+00 9.583781143E+00 9.601706682E+00
 9.620056641E+00 9.638889280E+00 9.658264694E+00 9.678244315E+00 9.698890350E+00
 9.720265181E+00 9.742430705E+00 9.765447647E+00 9.789374841E+00 9.814268491E+00
 9.840181430E+00 9.867162388E+00 9.895255275E+00 9.924498505E+00 9.954924375E+00
 9.986558501E+00 1.001941933E+01 1.005351776E+01 1.008885683E+01 1.012543151E+01
 1.016322866E+01 1.020222704E+01 1.024239744E+01 1.028370294E+01 1.032609925E+01
 1.036953516E+01 1.041395306E+01 1.045928954E+01 1.050547605E+01 1.055243955E+01
 1.060010332E+01 1.064838761E+01 1.069721047E+01 1.179306660E+01 1.177631058E+01
 1.175256613E+01 1.172196604E+01 1.168468265E+01 1.164092774E+01 1.159095230E+01
 1.153504614E+01 1.147353723E+01 1.140679079E+01 1.133520797E+01 1.125922403E+01
 1.117930597E+01 1.109594965E+01 1.100967602E+01 1.092102684E+01 1.083055947E+01
 1.073884106E+01 1.064644194E+01 1.055392849E+01 1.046185548E+01 1.037075818E+01
 1.028114427E+01 1.019348607E+01 1.010821304E+01 1.002570524E+01 9.946287881E+00
 9.870227469E+00 9.797730057E+00 9.728941967E+00 9.663953300E+00 9.602804235E+00
 9.545493666E+00 9.491989193E+00 9.442237065E+00 9.396170620E+00 9.353716101E+00
 9.314795488E+00 9.279326775E+00 9.247222626E+00 9.218388528E+00 9.192721286E+00
 9.170108356E+00 9.150428117E+00 9.133550944E+00 9.119340828E+00 9.107657269E+00
 9.098357221E+00 9.091296927E+00 9.086333556E+00 9.083326586E+00 9.082138936E+00
 9.082637840E+00 9.084695511E+00 9.088189603E+00 9.093003510E+00 9.099026543E+00
 9.106153988E+00 9.114287088E+00 9.123332964E+00 9.133204483E+00 9.143820100E+00
 9.155103678E+00 9.166984293E+00 9.179396035E+00 9.192277816E+00 9.205573179E+00
 9.219230115E+00 9.233200898E+00 9.247441929E+00 9.261913598E+00 9.276580161E+00
 9.291409640E+00 9.306373726E+00 9.321447717E+00 9.336610457E+00 9.351844298E+00
 9.367135074E+00 9.382472088E+00 9.397848111E+00 9.413259386E+00 9.428705646E+00
 9.444190124E+00 9.459719580E+00 9.475304309E+00 9.490958154E+00 9.506698509E+00
 9.522546303E+00 9.538525972E+00 9.554665406E+00 9.570995872E+00 9.587551908E+00
 9.604371180E+00 9.621494306E+00 9.638964638E+00 9.656827997E+00 9.675132372E+00
 9.693927567E+00 9.713264802E+00 9.733196276E+00 9.753774681E+00 9.775052681E+00
 9.797082362E+00 9.819914646E+00 9.843598692E+00 9.868181288E+00 9.893706239E+00
 9.920213763E+00 9.947739910E+00 9.976316015E+00 1.000596819E+01 1.003671686E+01
 1.006857640E+01 1.010155477E+01 1.013565333E+01 1.017086662E+01 1.020718234E+01
 1.024458134E+01 1.028303775E+01 1.032251914E+01 1.036298684E+01 1.040439623E+01
 1.044669721E+01 1.048983465E+01 1.053374894E+01 1.057837651E+01 1.062365045E+01
 1.066950111E+01 1.071585674E+01 1.179414861E+01 1.177886817E+01 1.175721479E+01
 1.172930949E+01 1.169530908E+01 1.165540577E+01 1.160982676E+01 1.155883363E+01
 1.150272140E+01 1.144181740E+01 1.137647981E+01 1.130709572E+01 1.123407880E+01
 1.115786650E+01 1.107891665E+01 1.099770362E+01 1.091471379E+01 1.083044066E+01
 1.074537940E+01 1.066002098E+01 1.057484613E+01 1.049031908E+01 1.040688135E+01
 1.032494578E+01 1.024489104E+01 1.016705679E+01 1.009173988E+01 1.001919174E+01
 9.949617224E+00 9.883175212E+00 9.819980838E+00 9.760109391E+00 9.703601488E+00
 9.650468991E+00 9.600700981E+00 9.554269102E+00 9.511131767E+00 9.471236983E+00
 9.434523884E+00 9.400923309E+00 9.370357856E+00 9.342741836E+00 9.317981413E+00
 9.295975091E+00 9.276614555E+00 9.259785807E+00 9.245370489E+00 9.233247284E+00
 9.223293294E+00 9.215385334E+00 9.209401083E+00 9.205220084E+00 9.202724577E+00
 9.201800164E+00 9.202336338E+00 9.204226869E+00 9.207370082E+00 9.211669039E+00
 9.217031632E+00 9.223370623E+00 9.230603629E+00 9.238653062E+00 9.247446051E+00
 9.256914332E+00 9.266994137E+00 9.277626061E+00 9.288754943E+00 9.300329734E+00
 9.312303378E+00 9.324632697E+00 9.337278286E+00 9.350204416E+00 9.363378948E+00
 9.376773263E+00 9.390362196E+00 9.404123987E+00 9.418040239E+00 9.432095889E+00
 9.446279184E+00 9.460581669E+00 9.474998172E+00 9.489526804E+00 9.504168954E+00
 9.518929277E+00 9.533815695E+00 9.548839374E+00 9.564014702E+00 9.579359249E+00
 9.594893717E+00 9.610641866E+00 9.626630418E+00 9.642888937E+00 9.659449682E+00
 9.676347427E+00 9.693619250E+00 9.711304282E+00 9.729443431E+00 9.748079060E+00
 9.767254634E+00 9.787014333E+00 9.807402633E+00 9.828463859E+00 9.850241710E+00
 9.872778773E+00 9.896116018E+00 9.920292289E+00 9.945343798E+00 9.971303629E+00
 9.998201260E+00 1.002606211E+01 1.005490714E+01 1.008475246E+01 1.011560901E+01
 1.014748234E+01 1.018037235E+01 1.021427320E+01 1.024917325E+01 1.028505505E+01
 1.032189543E+01 1.035966566E+01 1.039833166E+01 1.043785427E+01 1.047818959E+01
 1.051928938E+01 1.056110146E+01 1.060357016E+01 1.064663685E+01 1.069024038E+01
 1.073431761E+01
 8.743418722E-01 8.743418722E-01 8.725341893E-01 8.730334800E-01 8.744257426E-01
 8.752308792E-01 8.769180997E-01 8.779690025E-01 8.794959831E-01 8.811041638E-01
 8.826193393E-01 8.843794018E-01 8.862075671E-01 8.880050354E-01 8.899619726E-01
 8.920779128E-01 8.941410532E-01 8.962946645E-01 8.986199859E-01 9.010659389E-01
 9.034811152E-01 9.060196324E-01 9.086669536E-01 9.114698717E-01 9.142851864E-01
 9.171946360E-01 9.202294760E-01 9.233811833E-01 9.266367617E-01 9.299391011E-01
 9.333677436E-01 9.369176716E-01 9.406041440E-01 9.443843497E-01 9.482501755E-01
 9.522250371E-01 9.563298410E-01 9.605831932E-01 9.649547870E-01 9.694222508E-01
 9.740189467E-01 9.787643387E-01 9.836349729E-01 9.886635318E-01 9.938110862E-01
 9.990845166E-01 1.004513054E+00 1.010108636E+00 1.015858676E+00 1.021768738E+00
 1.027830742E+00 1.034047738E+00 1.040438243E+00 1.047012817E+00 1.053771880E+00
 1.060711960E+00 1.067836981E+00 1.075158032E+00 1.082683765E+00 1.090415341E+00
 1.098362744E+00 1.106529840E+00 1.114918437E+00 1.123543269E+00 1.132413409E+00
 1.141530946E+00 1.150899581E+00 1.160543180E+00 1.170461860E+00 1.180668227E+00
 1.191170130E+00 1.201972588E+00 1.213073659E+00 1.224537315E+00 1.236333862E+00
 1.248484779E+00 1.261005648E+00 1.273899773E+00 1.287168189E+00 1.300903104E+00
 1.315071543E+00 1.329688307E+00 1.344769453E+00 1.360299119E+00 1.376390265E+00
 1.393048987E+00 1.410220795E+00 1.428059415E+00 1.446458306E+00 1.465531621E+00
 1.485349268E+00 1.505868924E+00 1.527161835E+00 1.549156457E+00 1.572122694E+00
 1.596120709E+00 1.621023928E+00 1.646975985E+00 1.673811078E+00 1.701871638E+00
 1.731538395E+00 1.762549394E+00 1.794832463E+00 1.828502755E+00 1.863990622E+00
 1.901616948E+00 1.941303760E+00 1.982886189E+00 2.026849478E+00 2.073777356E+00
 2.123661182E+00 2.176831924E+00 2.233403171E+00 2.294546181E+00 2.360365076E+00
 2.431611543E+00 2.508838932E+00 2.594037968E+00 2.687542347E+00 2.791239358E+00
 2.908636602E+00 3.040687016E+00 3.194657781E+00 3.373940088E+00 3.592477550E+00
 3.863274456E+00 4.224203354E+00 4.745509169E+00 5.669471903E+00
  102   33
 5.251930754E+00-1.110463552E+00 5.306483402E+00-1.050605624E+00 5.358016471E+00
-9.916393803E-01 5.406816013E+00-9.332444959E-01 5.453067928E+00-8.750867390E-01
 5.496882046E+00-8.168563075E-01 5.538296150E+00-7.582699550E-01 5.577292342E+00
-6.990846775E-01 5.613861292E+00-6.391384305E-01 5.647790331E+00-5.781937583E-01
 5.679029643E+00-5.161972398E-01 5.707297508E+00-4.530193661E-01 5.732375699E+00
-3.886418747E-01 5.754019271E+00-3.230953120E-01 5.771952840E+00-2.564605034E-01
 5.785927534E+00-1.888838998E-01 5.795799319E+00-1.205753944E-01 5.801328975E+00
-5.176647130E-02 5.802437194E+00 1.726148315E-02 5.799115339E+00 8.621632941E-02
 5.791388383E+00 1.548072943E-01 5.779463482E+00 2.227812092E-01 5.763430512E+00
 2.898964119E-01 5.743616014E+00 3.560014963E-01 5.720221873E+00 4.209681372E-01
 5.693518688E+00 4.847438713E-01 5.663779068E+00 5.473457483E-01 5.631166530E+00
 6.087997567E-01 5.595895952E+00 6.692257836E-01 5.558096824E+00 7.287632803E-01
 5.517888458E+00 7.876230797E-01 5.475276253E+00 8.459993941E-01 5.430252150E+00
 9.041561575E-01 5.382743252E+00 9.623900885E-01 5.332607061E+00 1.021030239E+00
 5.279607966E+00 1.080406943E+00 5.223485733E+00 1.140991914E+00 5.163835339E+00
 1.203225508E+00 5.100092922E+00 1.267435949E+00 5.031647595E+00 1.334151634E+00
 4.957829108E+00 1.404446319E+00 4.877513445E+00 1.478275337E+00 4.789531973E+00
 1.555620636E+00 4.692632153E+00 1.638446593E+00 4.585239079E+00 1.724078381E+00
 4.465733241E+00 1.814240192E+00 4.332956164E+00 1.904794221E+00 4.186224018E+00
 1.992904078E+00 4.025003421E+00 2.076707117E+00 3.849027136E+00 2.154160110E+00
 3.751964704E+00 2.021826787E+00 3.698070126E+00 1.830623563E+00 3.651894122E+00
 1.660416716E+00 3.613958550E+00 1.504257529E+00 3.581756567E+00 1.361683574E+00
 3.555689668E+00 1.228978387E+00 3.534504886E+00 1.105314540E+00 3.515999860E+00
 9.907815591E-01 3.500971327E+00 8.828984129E-01 3.488649467E+00 7.809883232E-01
 3.478099058E+00 6.845200624E-01 3.469407349E+00 5.924255401E-01 3.462341582E+00
 5.040077153E-01 3.456654877E+00 4.186646359E-01 3.452169046E+00 3.358296316E-01
 3.448754475E+00 2.549729465E-01 3.446318226E+00 1.755971833E-01 3.444796745E+00
 9.723039790E-02 3.444151423E+00 1.941840224E-02 3.444366121E+00-5.828312552E-02
 3.445446179E+00-1.363165378E-01 3.447418746E+00-2.151301065E-01 3.450334489E+00
-2.951859207E-01 3.454270969E+00-3.769677166E-01 3.459338331E+00-4.609882973E-01
 3.465688594E+00-5.477955596E-01 3.473531034E+00-6.379746703E-01 3.483158899E+00
-7.321403733E-01 3.494513294E+00-8.312413834E-01 3.508100748E+00-9.360517639E-01
 3.524797814E+00-1.047145992E+00 3.544513035E+00-1.166115561E+00 3.568334385E+00
-1.293808195E+00 3.597051421E+00-1.431626664E+00 3.631428276E+00-1.581539412E+00
 3.673179661E+00-1.744791577E+00 3.723438904E+00-1.924291859E+00 3.777537470E+00
-2.138340834E+00 3.940435372E+00-2.111952098E+00 4.107272209E+00-2.036080084E+00
 4.261454975E+00-1.948898705E+00 4.401048652E+00-1.859700544E+00 4.527091039E+00
-1.768858189E+00 4.640328955E+00-1.680968877E+00 4.742311402E+00-1.596637948E+00
 4.834567932E+00-1.516627867E+00 4.918504686E+00-1.440600294E+00 4.995517512E+00
-1.369026292E+00 5.066550273E+00-1.300613857E+00 5.132501395E+00-1.235026282E+00
 5.194147740E+00-1.171912931E+00 5.251930754E+00-1.110463552E+00
 3.420000000E+00 0.000000000E+00 3.420000000E+00 8.500000000E-01 3.680000000E+00
 2.100000000E+00 3.460000000E+00 2.300000000E+00 3.460000000E+00 2.330000000E+00
 3.760000000E+00 2.480000000E+00 4.360000000E+00 3.480000000E+00 4.770000000E+00
 4.090000000E+00 5.310000000E+00 4.090000000E+00 5.310000000E+00 3.350000000E+00
 4.940000000E+00 3.520000000E+00 4.180000000E+00 2.350000000E+00 4.770000000E+00
 1.840000000E+00 5.230000000E+00 1.300000000E+00 5.670000000E+00 7.500000000E-01
 5.820000000E+00 3.000000000E-01 5.820000000E+00 0.000000000E+00 5.820000000E+00
-3.000000000E-01 5.670000000E+00-7.500000000E-01 5.230000000E+00-1.300000000E+00
 4.770000000E+00-1.840000000E+00 4.180000000E+00-2.350000000E+00 4.940000000E+00
-3.520000000E+00 5.310000000E+00-3.350000000E+00 5.310000000E+00-4.090000000E+00
 4.770000000E+00-4.090000000E+00 4.360000000E+00-3.480000000E+00 3.760000000E+00
-2.480000000E+00 3.460000000E+00-2.330000000E+00 3.460000000E+00-2.300000000E+00
 3.680000000E+00-2.100000000E+00 3.420000000E+00-8.500000000E-01 3.420000000E+00
 0.000000000E+00
